,index,date,hits,keyword,geo,time,gprop,category
0,0,2019-01-01,210,Alcoholic Beverages,PH,2019-01-01 2020-06-25,web,277
1,1,2019-02-01,224,Alcoholic Beverages,PH,2019-01-01 2020-06-25,web,277
2,2,2019-03-01,268,Alcoholic Beverages,PH,2019-01-01 2020-06-25,web,277
3,3,2019-04-01,202,Alcoholic Beverages,PH,2019-01-01 2020-06-25,web,277
4,4,2019-05-01,228,Alcoholic Beverages,PH,2019-01-01 2020-06-25,web,277
5,5,2019-06-01,300,Alcoholic Beverages,PH,2019-01-01 2020-06-25,web,277
6,6,2019-07-01,240,Alcoholic Beverages,PH,2019-01-01 2020-06-25,web,277
7,7,2019-08-01,234,Alcoholic Beverages,PH,2019-01-01 2020-06-25,web,277
8,8,2019-09-01,287,Alcoholic Beverages,PH,2019-01-01 2020-06-25,web,277
9,9,2019-10-01,236,Alcoholic Beverages,PH,2019-01-01 2020-06-25,web,277
10,10,2019-11-01,241,Alcoholic Beverages,PH,2019-01-01 2020-06-25,web,277
11,11,2019-12-01,400,Alcoholic Beverages,PH,2019-01-01 2020-06-25,web,277
12,12,2020-01-01,277,Alcoholic Beverages,PH,2019-01-01 2020-06-25,web,277
13,13,2020-02-01,263,Alcoholic Beverages,PH,2019-01-01 2020-06-25,web,277
14,14,2020-03-01,370,Alcoholic Beverages,PH,2019-01-01 2020-06-25,web,277
15,15,2020-04-01,257,Alcoholic Beverages,PH,2019-01-01 2020-06-25,web,277
16,16,2020-05-01,319,Alcoholic Beverages,PH,2019-01-01 2020-06-25,web,277
17,17,2020-06-01,191,Alcoholic Beverages,PH,2019-01-01 2020-06-25,web,277
18,0,2019-01-01,254,Apparel,PH,2019-01-01 2020-06-25,web,68
19,1,2019-02-01,267,Apparel,PH,2019-01-01 2020-06-25,web,68
20,2,2019-03-01,334,Apparel,PH,2019-01-01 2020-06-25,web,68
21,3,2019-04-01,234,Apparel,PH,2019-01-01 2020-06-25,web,68
22,4,2019-05-01,252,Apparel,PH,2019-01-01 2020-06-25,web,68
23,5,2019-06-01,332,Apparel,PH,2019-01-01 2020-06-25,web,68
24,6,2019-07-01,289,Apparel,PH,2019-01-01 2020-06-25,web,68
25,7,2019-08-01,282,Apparel,PH,2019-01-01 2020-06-25,web,68
26,8,2019-09-01,351,Apparel,PH,2019-01-01 2020-06-25,web,68
27,9,2019-10-01,303,Apparel,PH,2019-01-01 2020-06-25,web,68
28,10,2019-11-01,331,Apparel,PH,2019-01-01 2020-06-25,web,68
29,11,2019-12-01,437,Apparel,PH,2019-01-01 2020-06-25,web,68
30,12,2020-01-01,284,Apparel,PH,2019-01-01 2020-06-25,web,68
31,13,2020-02-01,270,Apparel,PH,2019-01-01 2020-06-25,web,68
32,14,2020-03-01,239,Apparel,PH,2019-01-01 2020-06-25,web,68
33,15,2020-04-01,162,Apparel,PH,2019-01-01 2020-06-25,web,68
34,16,2020-05-01,255,Apparel,PH,2019-01-01 2020-06-25,web,68
35,17,2020-06-01,171,Apparel,PH,2019-01-01 2020-06-25,web,68
36,0,2019-01-01,325,Apparel Services,PH,2019-01-01 2020-06-25,web,1228
37,1,2019-02-01,309,Apparel Services,PH,2019-01-01 2020-06-25,web,1228
38,2,2019-03-01,397,Apparel Services,PH,2019-01-01 2020-06-25,web,1228
39,3,2019-04-01,275,Apparel Services,PH,2019-01-01 2020-06-25,web,1228
40,4,2019-05-01,344,Apparel Services,PH,2019-01-01 2020-06-25,web,1228
41,5,2019-06-01,429,Apparel Services,PH,2019-01-01 2020-06-25,web,1228
42,6,2019-07-01,357,Apparel Services,PH,2019-01-01 2020-06-25,web,1228
43,7,2019-08-01,349,Apparel Services,PH,2019-01-01 2020-06-25,web,1228
44,8,2019-09-01,402,Apparel Services,PH,2019-01-01 2020-06-25,web,1228
45,9,2019-10-01,330,Apparel Services,PH,2019-01-01 2020-06-25,web,1228
46,10,2019-11-01,340,Apparel Services,PH,2019-01-01 2020-06-25,web,1228
47,11,2019-12-01,411,Apparel Services,PH,2019-01-01 2020-06-25,web,1228
48,12,2020-01-01,328,Apparel Services,PH,2019-01-01 2020-06-25,web,1228
49,13,2020-02-01,314,Apparel Services,PH,2019-01-01 2020-06-25,web,1228
50,14,2020-03-01,336,Apparel Services,PH,2019-01-01 2020-06-25,web,1228
51,15,2020-04-01,222,Apparel Services,PH,2019-01-01 2020-06-25,web,1228
52,16,2020-05-01,335,Apparel Services,PH,2019-01-01 2020-06-25,web,1228
53,17,2020-06-01,211,Apparel Services,PH,2019-01-01 2020-06-25,web,1228
54,0,2019-01-01,212,Athletic Apparel,PH,2019-01-01 2020-06-25,web,983
55,1,2019-02-01,218,Athletic Apparel,PH,2019-01-01 2020-06-25,web,983
56,2,2019-03-01,269,Athletic Apparel,PH,2019-01-01 2020-06-25,web,983
57,3,2019-04-01,202,Athletic Apparel,PH,2019-01-01 2020-06-25,web,983
58,4,2019-05-01,212,Athletic Apparel,PH,2019-01-01 2020-06-25,web,983
59,5,2019-06-01,278,Athletic Apparel,PH,2019-01-01 2020-06-25,web,983
60,6,2019-07-01,244,Athletic Apparel,PH,2019-01-01 2020-06-25,web,983
61,7,2019-08-01,244,Athletic Apparel,PH,2019-01-01 2020-06-25,web,983
62,8,2019-09-01,295,Athletic Apparel,PH,2019-01-01 2020-06-25,web,983
63,9,2019-10-01,238,Athletic Apparel,PH,2019-01-01 2020-06-25,web,983
64,10,2019-11-01,279,Athletic Apparel,PH,2019-01-01 2020-06-25,web,983
65,11,2019-12-01,441,Athletic Apparel,PH,2019-01-01 2020-06-25,web,983
66,12,2020-01-01,299,Athletic Apparel,PH,2019-01-01 2020-06-25,web,983
67,13,2020-02-01,274,Athletic Apparel,PH,2019-01-01 2020-06-25,web,983
68,14,2020-03-01,201,Athletic Apparel,PH,2019-01-01 2020-06-25,web,983
69,15,2020-04-01,132,Athletic Apparel,PH,2019-01-01 2020-06-25,web,983
70,16,2020-05-01,200,Athletic Apparel,PH,2019-01-01 2020-06-25,web,983
71,17,2020-06-01,148,Athletic Apparel,PH,2019-01-01 2020-06-25,web,983
72,0,2019-01-01,173,Baked Goods,PH,2019-01-01 2020-06-25,web,907
73,1,2019-02-01,177,Baked Goods,PH,2019-01-01 2020-06-25,web,907
74,2,2019-03-01,214,Baked Goods,PH,2019-01-01 2020-06-25,web,907
75,3,2019-04-01,142,Baked Goods,PH,2019-01-01 2020-06-25,web,907
76,4,2019-05-01,153,Baked Goods,PH,2019-01-01 2020-06-25,web,907
77,5,2019-06-01,221,Baked Goods,PH,2019-01-01 2020-06-25,web,907
78,6,2019-07-01,193,Baked Goods,PH,2019-01-01 2020-06-25,web,907
79,7,2019-08-01,192,Baked Goods,PH,2019-01-01 2020-06-25,web,907
80,8,2019-09-01,241,Baked Goods,PH,2019-01-01 2020-06-25,web,907
81,9,2019-10-01,177,Baked Goods,PH,2019-01-01 2020-06-25,web,907
82,10,2019-11-01,183,Baked Goods,PH,2019-01-01 2020-06-25,web,907
83,11,2019-12-01,236,Baked Goods,PH,2019-01-01 2020-06-25,web,907
84,12,2020-01-01,175,Baked Goods,PH,2019-01-01 2020-06-25,web,907
85,13,2020-02-01,189,Baked Goods,PH,2019-01-01 2020-06-25,web,907
86,14,2020-03-01,234,Baked Goods,PH,2019-01-01 2020-06-25,web,907
87,15,2020-04-01,332,Baked Goods,PH,2019-01-01 2020-06-25,web,907
88,16,2020-05-01,457,Baked Goods,PH,2019-01-01 2020-06-25,web,907
89,17,2020-06-01,285,Baked Goods,PH,2019-01-01 2020-06-25,web,907
90,0,2019-01-01,253,Banking,PH,2019-01-01 2020-06-25,web,37
91,1,2019-02-01,255,Banking,PH,2019-01-01 2020-06-25,web,37
92,2,2019-03-01,322,Banking,PH,2019-01-01 2020-06-25,web,37
93,3,2019-04-01,298,Banking,PH,2019-01-01 2020-06-25,web,37
94,4,2019-05-01,280,Banking,PH,2019-01-01 2020-06-25,web,37
95,5,2019-06-01,372,Banking,PH,2019-01-01 2020-06-25,web,37
96,6,2019-07-01,293,Banking,PH,2019-01-01 2020-06-25,web,37
97,7,2019-08-01,288,Banking,PH,2019-01-01 2020-06-25,web,37
98,8,2019-09-01,349,Banking,PH,2019-01-01 2020-06-25,web,37
99,9,2019-10-01,268,Banking,PH,2019-01-01 2020-06-25,web,37
100,10,2019-11-01,286,Banking,PH,2019-01-01 2020-06-25,web,37
101,11,2019-12-01,378,Banking,PH,2019-01-01 2020-06-25,web,37
102,12,2020-01-01,288,Banking,PH,2019-01-01 2020-06-25,web,37
103,13,2020-02-01,281,Banking,PH,2019-01-01 2020-06-25,web,37
104,14,2020-03-01,360,Banking,PH,2019-01-01 2020-06-25,web,37
105,15,2020-04-01,302,Banking,PH,2019-01-01 2020-06-25,web,37
106,16,2020-05-01,435,Banking,PH,2019-01-01 2020-06-25,web,37
107,17,2020-06-01,274,Banking,PH,2019-01-01 2020-06-25,web,37
108,0,2019-01-01,248,Bathroom,PH,2019-01-01 2020-06-25,web,1365
109,1,2019-02-01,280,Bathroom,PH,2019-01-01 2020-06-25,web,1365
110,2,2019-03-01,385,Bathroom,PH,2019-01-01 2020-06-25,web,1365
111,3,2019-04-01,246,Bathroom,PH,2019-01-01 2020-06-25,web,1365
112,4,2019-05-01,304,Bathroom,PH,2019-01-01 2020-06-25,web,1365
113,5,2019-06-01,401,Bathroom,PH,2019-01-01 2020-06-25,web,1365
114,6,2019-07-01,343,Bathroom,PH,2019-01-01 2020-06-25,web,1365
115,7,2019-08-01,298,Bathroom,PH,2019-01-01 2020-06-25,web,1365
116,8,2019-09-01,372,Bathroom,PH,2019-01-01 2020-06-25,web,1365
117,9,2019-10-01,287,Bathroom,PH,2019-01-01 2020-06-25,web,1365
118,10,2019-11-01,308,Bathroom,PH,2019-01-01 2020-06-25,web,1365
119,11,2019-12-01,339,Bathroom,PH,2019-01-01 2020-06-25,web,1365
120,12,2020-01-01,287,Bathroom,PH,2019-01-01 2020-06-25,web,1365
121,13,2020-02-01,353,Bathroom,PH,2019-01-01 2020-06-25,web,1365
122,14,2020-03-01,336,Bathroom,PH,2019-01-01 2020-06-25,web,1365
123,15,2020-04-01,292,Bathroom,PH,2019-01-01 2020-06-25,web,1365
124,16,2020-05-01,414,Bathroom,PH,2019-01-01 2020-06-25,web,1365
125,17,2020-06-01,268,Bathroom,PH,2019-01-01 2020-06-25,web,1365
126,0,2019-01-01,285,Beauty & Fitness,PH,2019-01-01 2020-06-25,web,44
127,1,2019-02-01,294,Beauty & Fitness,PH,2019-01-01 2020-06-25,web,44
128,2,2019-03-01,371,Beauty & Fitness,PH,2019-01-01 2020-06-25,web,44
129,3,2019-04-01,298,Beauty & Fitness,PH,2019-01-01 2020-06-25,web,44
130,4,2019-05-01,290,Beauty & Fitness,PH,2019-01-01 2020-06-25,web,44
131,5,2019-06-01,394,Beauty & Fitness,PH,2019-01-01 2020-06-25,web,44
132,6,2019-07-01,323,Beauty & Fitness,PH,2019-01-01 2020-06-25,web,44
133,7,2019-08-01,309,Beauty & Fitness,PH,2019-01-01 2020-06-25,web,44
134,8,2019-09-01,360,Beauty & Fitness,PH,2019-01-01 2020-06-25,web,44
135,9,2019-10-01,284,Beauty & Fitness,PH,2019-01-01 2020-06-25,web,44
136,10,2019-11-01,295,Beauty & Fitness,PH,2019-01-01 2020-06-25,web,44
137,11,2019-12-01,410,Beauty & Fitness,PH,2019-01-01 2020-06-25,web,44
138,12,2020-01-01,292,Beauty & Fitness,PH,2019-01-01 2020-06-25,web,44
139,13,2020-02-01,287,Beauty & Fitness,PH,2019-01-01 2020-06-25,web,44
140,14,2020-03-01,323,Beauty & Fitness,PH,2019-01-01 2020-06-25,web,44
141,15,2020-04-01,276,Beauty & Fitness,PH,2019-01-01 2020-06-25,web,44
142,16,2020-05-01,398,Beauty & Fitness,PH,2019-01-01 2020-06-25,web,44
143,17,2020-06-01,243,Beauty & Fitness,PH,2019-01-01 2020-06-25,web,44
144,0,2019-01-01,256,Bed & Bath,PH,2019-01-01 2020-06-25,web,948
145,1,2019-02-01,278,Bed & Bath,PH,2019-01-01 2020-06-25,web,948
146,2,2019-03-01,359,Bed & Bath,PH,2019-01-01 2020-06-25,web,948
147,3,2019-04-01,256,Bed & Bath,PH,2019-01-01 2020-06-25,web,948
148,4,2019-05-01,292,Bed & Bath,PH,2019-01-01 2020-06-25,web,948
149,5,2019-06-01,391,Bed & Bath,PH,2019-01-01 2020-06-25,web,948
150,6,2019-07-01,335,Bed & Bath,PH,2019-01-01 2020-06-25,web,948
151,7,2019-08-01,321,Bed & Bath,PH,2019-01-01 2020-06-25,web,948
152,8,2019-09-01,362,Bed & Bath,PH,2019-01-01 2020-06-25,web,948
153,9,2019-10-01,266,Bed & Bath,PH,2019-01-01 2020-06-25,web,948
154,10,2019-11-01,301,Bed & Bath,PH,2019-01-01 2020-06-25,web,948
155,11,2019-12-01,369,Bed & Bath,PH,2019-01-01 2020-06-25,web,948
156,12,2020-01-01,299,Bed & Bath,PH,2019-01-01 2020-06-25,web,948
157,13,2020-02-01,322,Bed & Bath,PH,2019-01-01 2020-06-25,web,948
158,14,2020-03-01,324,Bed & Bath,PH,2019-01-01 2020-06-25,web,948
159,15,2020-04-01,254,Bed & Bath,PH,2019-01-01 2020-06-25,web,948
160,16,2020-05-01,383,Bed & Bath,PH,2019-01-01 2020-06-25,web,948
161,17,2020-06-01,281,Bed & Bath,PH,2019-01-01 2020-06-25,web,948
162,0,2019-01-01,270,Bedroom,PH,2019-01-01 2020-06-25,web,1366
163,1,2019-02-01,276,Bedroom,PH,2019-01-01 2020-06-25,web,1366
164,2,2019-03-01,346,Bedroom,PH,2019-01-01 2020-06-25,web,1366
165,3,2019-04-01,252,Bedroom,PH,2019-01-01 2020-06-25,web,1366
166,4,2019-05-01,295,Bedroom,PH,2019-01-01 2020-06-25,web,1366
167,5,2019-06-01,395,Bedroom,PH,2019-01-01 2020-06-25,web,1366
168,6,2019-07-01,329,Bedroom,PH,2019-01-01 2020-06-25,web,1366
169,7,2019-08-01,309,Bedroom,PH,2019-01-01 2020-06-25,web,1366
170,8,2019-09-01,362,Bedroom,PH,2019-01-01 2020-06-25,web,1366
171,9,2019-10-01,276,Bedroom,PH,2019-01-01 2020-06-25,web,1366
172,10,2019-11-01,305,Bedroom,PH,2019-01-01 2020-06-25,web,1366
173,11,2019-12-01,366,Bedroom,PH,2019-01-01 2020-06-25,web,1366
174,12,2020-01-01,293,Bedroom,PH,2019-01-01 2020-06-25,web,1366
175,13,2020-02-01,301,Bedroom,PH,2019-01-01 2020-06-25,web,1366
176,14,2020-03-01,288,Bedroom,PH,2019-01-01 2020-06-25,web,1366
177,15,2020-04-01,238,Bedroom,PH,2019-01-01 2020-06-25,web,1366
178,16,2020-05-01,408,Bedroom,PH,2019-01-01 2020-06-25,web,1366
179,17,2020-06-01,289,Bedroom,PH,2019-01-01 2020-06-25,web,1366
180,0,2019-01-01,285,Camera & Photo Equipment,PH,2019-01-01 2020-06-25,web,573
181,1,2019-02-01,287,Camera & Photo Equipment,PH,2019-01-01 2020-06-25,web,573
182,2,2019-03-01,359,Camera & Photo Equipment,PH,2019-01-01 2020-06-25,web,573
183,3,2019-04-01,323,Camera & Photo Equipment,PH,2019-01-01 2020-06-25,web,573
184,4,2019-05-01,279,Camera & Photo Equipment,PH,2019-01-01 2020-06-25,web,573
185,5,2019-06-01,348,Camera & Photo Equipment,PH,2019-01-01 2020-06-25,web,573
186,6,2019-07-01,298,Camera & Photo Equipment,PH,2019-01-01 2020-06-25,web,573
187,7,2019-08-01,301,Camera & Photo Equipment,PH,2019-01-01 2020-06-25,web,573
188,8,2019-09-01,379,Camera & Photo Equipment,PH,2019-01-01 2020-06-25,web,573
189,9,2019-10-01,297,Camera & Photo Equipment,PH,2019-01-01 2020-06-25,web,573
190,10,2019-11-01,296,Camera & Photo Equipment,PH,2019-01-01 2020-06-25,web,573
191,11,2019-12-01,403,Camera & Photo Equipment,PH,2019-01-01 2020-06-25,web,573
192,12,2020-01-01,297,Camera & Photo Equipment,PH,2019-01-01 2020-06-25,web,573
193,13,2020-02-01,289,Camera & Photo Equipment,PH,2019-01-01 2020-06-25,web,573
194,14,2020-03-01,260,Camera & Photo Equipment,PH,2019-01-01 2020-06-25,web,573
195,15,2020-04-01,191,Camera & Photo Equipment,PH,2019-01-01 2020-06-25,web,573
196,16,2020-05-01,268,Camera & Photo Equipment,PH,2019-01-01 2020-06-25,web,573
197,17,2020-06-01,174,Camera & Photo Equipment,PH,2019-01-01 2020-06-25,web,573
198,0,2019-01-01,6,Campaigns & Elections,PH,2019-01-01 2020-06-25,web,398
199,1,2019-02-01,8,Campaigns & Elections,PH,2019-01-01 2020-06-25,web,398
200,2,2019-03-01,10,Campaigns & Elections,PH,2019-01-01 2020-06-25,web,398
201,3,2019-04-01,8,Campaigns & Elections,PH,2019-01-01 2020-06-25,web,398
202,4,2019-05-01,118,Campaigns & Elections,PH,2019-01-01 2020-06-25,web,398
203,5,2019-06-01,5,Campaigns & Elections,PH,2019-01-01 2020-06-25,web,398
204,6,2019-07-01,4,Campaigns & Elections,PH,2019-01-01 2020-06-25,web,398
205,7,2019-08-01,4,Campaigns & Elections,PH,2019-01-01 2020-06-25,web,398
206,8,2019-09-01,6,Campaigns & Elections,PH,2019-01-01 2020-06-25,web,398
207,9,2019-10-01,4,Campaigns & Elections,PH,2019-01-01 2020-06-25,web,398
208,10,2019-11-01,4,Campaigns & Elections,PH,2019-01-01 2020-06-25,web,398
209,11,2019-12-01,5,Campaigns & Elections,PH,2019-01-01 2020-06-25,web,398
210,12,2020-01-01,4,Campaigns & Elections,PH,2019-01-01 2020-06-25,web,398
211,13,2020-02-01,6,Campaigns & Elections,PH,2019-01-01 2020-06-25,web,398
212,14,2020-03-01,6,Campaigns & Elections,PH,2019-01-01 2020-06-25,web,398
213,15,2020-04-01,4,Campaigns & Elections,PH,2019-01-01 2020-06-25,web,398
214,16,2020-05-01,5,Campaigns & Elections,PH,2019-01-01 2020-06-25,web,398
215,17,2020-06-01,3,Campaigns & Elections,PH,2019-01-01 2020-06-25,web,398
216,0,2019-01-01,161,Campers & RVs,PH,2019-01-01 2020-06-25,web,1213
217,1,2019-02-01,224,Campers & RVs,PH,2019-01-01 2020-06-25,web,1213
218,2,2019-03-01,273,Campers & RVs,PH,2019-01-01 2020-06-25,web,1213
219,3,2019-04-01,244,Campers & RVs,PH,2019-01-01 2020-06-25,web,1213
220,4,2019-05-01,243,Campers & RVs,PH,2019-01-01 2020-06-25,web,1213
221,5,2019-06-01,355,Campers & RVs,PH,2019-01-01 2020-06-25,web,1213
222,6,2019-07-01,267,Campers & RVs,PH,2019-01-01 2020-06-25,web,1213
223,7,2019-08-01,245,Campers & RVs,PH,2019-01-01 2020-06-25,web,1213
224,8,2019-09-01,305,Campers & RVs,PH,2019-01-01 2020-06-25,web,1213
225,9,2019-10-01,210,Campers & RVs,PH,2019-01-01 2020-06-25,web,1213
226,10,2019-11-01,244,Campers & RVs,PH,2019-01-01 2020-06-25,web,1213
227,11,2019-12-01,310,Campers & RVs,PH,2019-01-01 2020-06-25,web,1213
228,12,2020-01-01,208,Campers & RVs,PH,2019-01-01 2020-06-25,web,1213
229,13,2020-02-01,231,Campers & RVs,PH,2019-01-01 2020-06-25,web,1213
230,14,2020-03-01,217,Campers & RVs,PH,2019-01-01 2020-06-25,web,1213
231,15,2020-04-01,157,Campers & RVs,PH,2019-01-01 2020-06-25,web,1213
232,16,2020-05-01,245,Campers & RVs,PH,2019-01-01 2020-06-25,web,1213
233,17,2020-06-01,193,Campers & RVs,PH,2019-01-01 2020-06-25,web,1213
234,0,2019-01-01,132,Cancer,PH,2019-01-01 2020-06-25,web,429
235,1,2019-02-01,149,Cancer,PH,2019-01-01 2020-06-25,web,429
236,2,2019-03-01,185,Cancer,PH,2019-01-01 2020-06-25,web,429
237,3,2019-04-01,123,Cancer,PH,2019-01-01 2020-06-25,web,429
238,4,2019-05-01,122,Cancer,PH,2019-01-01 2020-06-25,web,429
239,5,2019-06-01,180,Cancer,PH,2019-01-01 2020-06-25,web,429
240,6,2019-07-01,150,Cancer,PH,2019-01-01 2020-06-25,web,429
241,7,2019-08-01,160,Cancer,PH,2019-01-01 2020-06-25,web,429
242,8,2019-09-01,190,Cancer,PH,2019-01-01 2020-06-25,web,429
243,9,2019-10-01,211,Cancer,PH,2019-01-01 2020-06-25,web,429
244,10,2019-11-01,146,Cancer,PH,2019-01-01 2020-06-25,web,429
245,11,2019-12-01,242,Cancer,PH,2019-01-01 2020-06-25,web,429
246,12,2020-01-01,143,Cancer,PH,2019-01-01 2020-06-25,web,429
247,13,2020-02-01,152,Cancer,PH,2019-01-01 2020-06-25,web,429
248,14,2020-03-01,132,Cancer,PH,2019-01-01 2020-06-25,web,429
249,15,2020-04-01,103,Cancer,PH,2019-01-01 2020-06-25,web,429
250,16,2020-05-01,141,Cancer,PH,2019-01-01 2020-06-25,web,429
251,17,2020-06-01,89,Cancer,PH,2019-01-01 2020-06-25,web,429
252,0,2019-01-01,229,Candy & Sweets,PH,2019-01-01 2020-06-25,web,906
253,1,2019-02-01,269,Candy & Sweets,PH,2019-01-01 2020-06-25,web,906
254,2,2019-03-01,307,Candy & Sweets,PH,2019-01-01 2020-06-25,web,906
255,3,2019-04-01,229,Candy & Sweets,PH,2019-01-01 2020-06-25,web,906
256,4,2019-05-01,228,Candy & Sweets,PH,2019-01-01 2020-06-25,web,906
257,5,2019-06-01,328,Candy & Sweets,PH,2019-01-01 2020-06-25,web,906
258,6,2019-07-01,265,Candy & Sweets,PH,2019-01-01 2020-06-25,web,906
259,7,2019-08-01,257,Candy & Sweets,PH,2019-01-01 2020-06-25,web,906
260,8,2019-09-01,313,Candy & Sweets,PH,2019-01-01 2020-06-25,web,906
261,9,2019-10-01,246,Candy & Sweets,PH,2019-01-01 2020-06-25,web,906
262,10,2019-11-01,245,Candy & Sweets,PH,2019-01-01 2020-06-25,web,906
263,11,2019-12-01,319,Candy & Sweets,PH,2019-01-01 2020-06-25,web,906
264,12,2020-01-01,249,Candy & Sweets,PH,2019-01-01 2020-06-25,web,906
265,13,2020-02-01,300,Candy & Sweets,PH,2019-01-01 2020-06-25,web,906
266,14,2020-03-01,304,Candy & Sweets,PH,2019-01-01 2020-06-25,web,906
267,15,2020-04-01,312,Candy & Sweets,PH,2019-01-01 2020-06-25,web,906
268,16,2020-05-01,430,Candy & Sweets,PH,2019-01-01 2020-06-25,web,906
269,17,2020-06-01,257,Candy & Sweets,PH,2019-01-01 2020-06-25,web,906
270,0,2019-01-01,300,Car Electronics,PH,2019-01-01 2020-06-25,web,1188
271,1,2019-02-01,300,Car Electronics,PH,2019-01-01 2020-06-25,web,1188
272,2,2019-03-01,343,Car Electronics,PH,2019-01-01 2020-06-25,web,1188
273,3,2019-04-01,262,Car Electronics,PH,2019-01-01 2020-06-25,web,1188
274,4,2019-05-01,262,Car Electronics,PH,2019-01-01 2020-06-25,web,1188
275,5,2019-06-01,381,Car Electronics,PH,2019-01-01 2020-06-25,web,1188
276,6,2019-07-01,349,Car Electronics,PH,2019-01-01 2020-06-25,web,1188
277,7,2019-08-01,343,Car Electronics,PH,2019-01-01 2020-06-25,web,1188
278,8,2019-09-01,444,Car Electronics,PH,2019-01-01 2020-06-25,web,1188
279,9,2019-10-01,324,Car Electronics,PH,2019-01-01 2020-06-25,web,1188
280,10,2019-11-01,330,Car Electronics,PH,2019-01-01 2020-06-25,web,1188
281,11,2019-12-01,385,Car Electronics,PH,2019-01-01 2020-06-25,web,1188
282,12,2020-01-01,341,Car Electronics,PH,2019-01-01 2020-06-25,web,1188
283,13,2020-02-01,331,Car Electronics,PH,2019-01-01 2020-06-25,web,1188
284,14,2020-03-01,312,Car Electronics,PH,2019-01-01 2020-06-25,web,1188
285,15,2020-04-01,203,Car Electronics,PH,2019-01-01 2020-06-25,web,1188
286,16,2020-05-01,325,Car Electronics,PH,2019-01-01 2020-06-25,web,1188
287,17,2020-06-01,233,Car Electronics,PH,2019-01-01 2020-06-25,web,1188
288,0,2019-01-01,215,Casual Apparel,PH,2019-01-01 2020-06-25,web,984
289,1,2019-02-01,228,Casual Apparel,PH,2019-01-01 2020-06-25,web,984
290,2,2019-03-01,290,Casual Apparel,PH,2019-01-01 2020-06-25,web,984
291,3,2019-04-01,212,Casual Apparel,PH,2019-01-01 2020-06-25,web,984
292,4,2019-05-01,223,Casual Apparel,PH,2019-01-01 2020-06-25,web,984
293,5,2019-06-01,299,Casual Apparel,PH,2019-01-01 2020-06-25,web,984
294,6,2019-07-01,261,Casual Apparel,PH,2019-01-01 2020-06-25,web,984
295,7,2019-08-01,250,Casual Apparel,PH,2019-01-01 2020-06-25,web,984
296,8,2019-09-01,313,Casual Apparel,PH,2019-01-01 2020-06-25,web,984
297,9,2019-10-01,243,Casual Apparel,PH,2019-01-01 2020-06-25,web,984
298,10,2019-11-01,300,Casual Apparel,PH,2019-01-01 2020-06-25,web,984
299,11,2019-12-01,427,Casual Apparel,PH,2019-01-01 2020-06-25,web,984
300,12,2020-01-01,242,Casual Apparel,PH,2019-01-01 2020-06-25,web,984
301,13,2020-02-01,239,Casual Apparel,PH,2019-01-01 2020-06-25,web,984
302,14,2020-03-01,217,Casual Apparel,PH,2019-01-01 2020-06-25,web,984
303,15,2020-04-01,146,Casual Apparel,PH,2019-01-01 2020-06-25,web,984
304,16,2020-05-01,244,Casual Apparel,PH,2019-01-01 2020-06-25,web,984
305,17,2020-06-01,175,Casual Apparel,PH,2019-01-01 2020-06-25,web,984
306,0,2019-01-01,245,Children's Clothing,PH,2019-01-01 2020-06-25,web,985
307,1,2019-02-01,253,Children's Clothing,PH,2019-01-01 2020-06-25,web,985
308,2,2019-03-01,342,Children's Clothing,PH,2019-01-01 2020-06-25,web,985
309,3,2019-04-01,257,Children's Clothing,PH,2019-01-01 2020-06-25,web,985
310,4,2019-05-01,287,Children's Clothing,PH,2019-01-01 2020-06-25,web,985
311,5,2019-06-01,334,Children's Clothing,PH,2019-01-01 2020-06-25,web,985
312,6,2019-07-01,308,Children's Clothing,PH,2019-01-01 2020-06-25,web,985
313,7,2019-08-01,302,Children's Clothing,PH,2019-01-01 2020-06-25,web,985
314,8,2019-09-01,369,Children's Clothing,PH,2019-01-01 2020-06-25,web,985
315,9,2019-10-01,287,Children's Clothing,PH,2019-01-01 2020-06-25,web,985
316,10,2019-11-01,299,Children's Clothing,PH,2019-01-01 2020-06-25,web,985
317,11,2019-12-01,429,Children's Clothing,PH,2019-01-01 2020-06-25,web,985
318,12,2020-01-01,289,Children's Clothing,PH,2019-01-01 2020-06-25,web,985
319,13,2020-02-01,270,Children's Clothing,PH,2019-01-01 2020-06-25,web,985
320,14,2020-03-01,271,Children's Clothing,PH,2019-01-01 2020-06-25,web,985
321,15,2020-04-01,243,Children's Clothing,PH,2019-01-01 2020-06-25,web,985
322,16,2020-05-01,334,Children's Clothing,PH,2019-01-01 2020-06-25,web,985
323,17,2020-06-01,226,Children's Clothing,PH,2019-01-01 2020-06-25,web,985
324,0,2019-01-01,299,Clothing Accessories,PH,2019-01-01 2020-06-25,web,124
325,1,2019-02-01,309,Clothing Accessories,PH,2019-01-01 2020-06-25,web,124
326,2,2019-03-01,381,Clothing Accessories,PH,2019-01-01 2020-06-25,web,124
327,3,2019-04-01,287,Clothing Accessories,PH,2019-01-01 2020-06-25,web,124
328,4,2019-05-01,314,Clothing Accessories,PH,2019-01-01 2020-06-25,web,124
329,5,2019-06-01,414,Clothing Accessories,PH,2019-01-01 2020-06-25,web,124
330,6,2019-07-01,349,Clothing Accessories,PH,2019-01-01 2020-06-25,web,124
331,7,2019-08-01,338,Clothing Accessories,PH,2019-01-01 2020-06-25,web,124
332,8,2019-09-01,397,Clothing Accessories,PH,2019-01-01 2020-06-25,web,124
333,9,2019-10-01,312,Clothing Accessories,PH,2019-01-01 2020-06-25,web,124
334,10,2019-11-01,337,Clothing Accessories,PH,2019-01-01 2020-06-25,web,124
335,11,2019-12-01,471,Clothing Accessories,PH,2019-01-01 2020-06-25,web,124
336,12,2020-01-01,319,Clothing Accessories,PH,2019-01-01 2020-06-25,web,124
337,13,2020-02-01,311,Clothing Accessories,PH,2019-01-01 2020-06-25,web,124
338,14,2020-03-01,272,Clothing Accessories,PH,2019-01-01 2020-06-25,web,124
339,15,2020-04-01,181,Clothing Accessories,PH,2019-01-01 2020-06-25,web,124
340,16,2020-05-01,286,Clothing Accessories,PH,2019-01-01 2020-06-25,web,124
341,17,2020-06-01,201,Clothing Accessories,PH,2019-01-01 2020-06-25,web,124
342,0,2019-01-01,276,Coffee & Tea,PH,2019-01-01 2020-06-25,web,916
343,1,2019-02-01,281,Coffee & Tea,PH,2019-01-01 2020-06-25,web,916
344,2,2019-03-01,351,Coffee & Tea,PH,2019-01-01 2020-06-25,web,916
345,3,2019-04-01,274,Coffee & Tea,PH,2019-01-01 2020-06-25,web,916
346,4,2019-05-01,277,Coffee & Tea,PH,2019-01-01 2020-06-25,web,916
347,5,2019-06-01,379,Coffee & Tea,PH,2019-01-01 2020-06-25,web,916
348,6,2019-07-01,323,Coffee & Tea,PH,2019-01-01 2020-06-25,web,916
349,7,2019-08-01,310,Coffee & Tea,PH,2019-01-01 2020-06-25,web,916
350,8,2019-09-01,399,Coffee & Tea,PH,2019-01-01 2020-06-25,web,916
351,9,2019-10-01,302,Coffee & Tea,PH,2019-01-01 2020-06-25,web,916
352,10,2019-11-01,304,Coffee & Tea,PH,2019-01-01 2020-06-25,web,916
353,11,2019-12-01,373,Coffee & Tea,PH,2019-01-01 2020-06-25,web,916
354,12,2020-01-01,286,Coffee & Tea,PH,2019-01-01 2020-06-25,web,916
355,13,2020-02-01,292,Coffee & Tea,PH,2019-01-01 2020-06-25,web,916
356,14,2020-03-01,364,Coffee & Tea,PH,2019-01-01 2020-06-25,web,916
357,15,2020-04-01,276,Coffee & Tea,PH,2019-01-01 2020-06-25,web,916
358,16,2020-05-01,339,Coffee & Tea,PH,2019-01-01 2020-06-25,web,916
359,17,2020-06-01,216,Coffee & Tea,PH,2019-01-01 2020-06-25,web,916
360,0,2019-01-01,227,Commercial & Investment Real Estate,PH,2019-01-01 2020-06-25,web,1178
361,1,2019-02-01,274,Commercial & Investment Real Estate,PH,2019-01-01 2020-06-25,web,1178
362,2,2019-03-01,368,Commercial & Investment Real Estate,PH,2019-01-01 2020-06-25,web,1178
363,3,2019-04-01,309,Commercial & Investment Real Estate,PH,2019-01-01 2020-06-25,web,1178
364,4,2019-05-01,358,Commercial & Investment Real Estate,PH,2019-01-01 2020-06-25,web,1178
365,5,2019-06-01,370,Commercial & Investment Real Estate,PH,2019-01-01 2020-06-25,web,1178
366,6,2019-07-01,311,Commercial & Investment Real Estate,PH,2019-01-01 2020-06-25,web,1178
367,7,2019-08-01,300,Commercial & Investment Real Estate,PH,2019-01-01 2020-06-25,web,1178
368,8,2019-09-01,352,Commercial & Investment Real Estate,PH,2019-01-01 2020-06-25,web,1178
369,9,2019-10-01,259,Commercial & Investment Real Estate,PH,2019-01-01 2020-06-25,web,1178
370,10,2019-11-01,279,Commercial & Investment Real Estate,PH,2019-01-01 2020-06-25,web,1178
371,11,2019-12-01,311,Commercial & Investment Real Estate,PH,2019-01-01 2020-06-25,web,1178
372,12,2020-01-01,286,Commercial & Investment Real Estate,PH,2019-01-01 2020-06-25,web,1178
373,13,2020-02-01,259,Commercial & Investment Real Estate,PH,2019-01-01 2020-06-25,web,1178
374,14,2020-03-01,296,Commercial & Investment Real Estate,PH,2019-01-01 2020-06-25,web,1178
375,15,2020-04-01,159,Commercial & Investment Real Estate,PH,2019-01-01 2020-06-25,web,1178
376,16,2020-05-01,249,Commercial & Investment Real Estate,PH,2019-01-01 2020-06-25,web,1178
377,17,2020-06-01,171,Commercial & Investment Real Estate,PH,2019-01-01 2020-06-25,web,1178
378,0,2019-01-01,142,Cosmetology & Beauty Professionals,PH,2019-01-01 2020-06-25,web,147
379,1,2019-02-01,159,Cosmetology & Beauty Professionals,PH,2019-01-01 2020-06-25,web,147
380,2,2019-03-01,204,Cosmetology & Beauty Professionals,PH,2019-01-01 2020-06-25,web,147
381,3,2019-04-01,171,Cosmetology & Beauty Professionals,PH,2019-01-01 2020-06-25,web,147
382,4,2019-05-01,215,Cosmetology & Beauty Professionals,PH,2019-01-01 2020-06-25,web,147
383,5,2019-06-01,265,Cosmetology & Beauty Professionals,PH,2019-01-01 2020-06-25,web,147
384,6,2019-07-01,226,Cosmetology & Beauty Professionals,PH,2019-01-01 2020-06-25,web,147
385,7,2019-08-01,241,Cosmetology & Beauty Professionals,PH,2019-01-01 2020-06-25,web,147
386,8,2019-09-01,299,Cosmetology & Beauty Professionals,PH,2019-01-01 2020-06-25,web,147
387,9,2019-10-01,239,Cosmetology & Beauty Professionals,PH,2019-01-01 2020-06-25,web,147
388,10,2019-11-01,297,Cosmetology & Beauty Professionals,PH,2019-01-01 2020-06-25,web,147
389,11,2019-12-01,348,Cosmetology & Beauty Professionals,PH,2019-01-01 2020-06-25,web,147
390,12,2020-01-01,213,Cosmetology & Beauty Professionals,PH,2019-01-01 2020-06-25,web,147
391,13,2020-02-01,207,Cosmetology & Beauty Professionals,PH,2019-01-01 2020-06-25,web,147
392,14,2020-03-01,185,Cosmetology & Beauty Professionals,PH,2019-01-01 2020-06-25,web,147
393,15,2020-04-01,111,Cosmetology & Beauty Professionals,PH,2019-01-01 2020-06-25,web,147
394,16,2020-05-01,317,Cosmetology & Beauty Professionals,PH,2019-01-01 2020-06-25,web,147
395,17,2020-06-01,200,Cosmetology & Beauty Professionals,PH,2019-01-01 2020-06-25,web,147
396,0,2019-01-01,288,Drugs & Medications,PH,2019-01-01 2020-06-25,web,646
397,1,2019-02-01,288,Drugs & Medications,PH,2019-01-01 2020-06-25,web,646
398,2,2019-03-01,352,Drugs & Medications,PH,2019-01-01 2020-06-25,web,646
399,3,2019-04-01,258,Drugs & Medications,PH,2019-01-01 2020-06-25,web,646
400,4,2019-05-01,268,Drugs & Medications,PH,2019-01-01 2020-06-25,web,646
401,5,2019-06-01,368,Drugs & Medications,PH,2019-01-01 2020-06-25,web,646
402,6,2019-07-01,311,Drugs & Medications,PH,2019-01-01 2020-06-25,web,646
403,7,2019-08-01,311,Drugs & Medications,PH,2019-01-01 2020-06-25,web,646
404,8,2019-09-01,397,Drugs & Medications,PH,2019-01-01 2020-06-25,web,646
405,9,2019-10-01,318,Drugs & Medications,PH,2019-01-01 2020-06-25,web,646
406,10,2019-11-01,309,Drugs & Medications,PH,2019-01-01 2020-06-25,web,646
407,11,2019-12-01,359,Drugs & Medications,PH,2019-01-01 2020-06-25,web,646
408,12,2020-01-01,327,Drugs & Medications,PH,2019-01-01 2020-06-25,web,646
409,13,2020-02-01,323,Drugs & Medications,PH,2019-01-01 2020-06-25,web,646
410,14,2020-03-01,428,Drugs & Medications,PH,2019-01-01 2020-06-25,web,646
411,15,2020-04-01,290,Drugs & Medications,PH,2019-01-01 2020-06-25,web,646
412,16,2020-05-01,364,Drugs & Medications,PH,2019-01-01 2020-06-25,web,646
413,17,2020-06-01,225,Drugs & Medications,PH,2019-01-01 2020-06-25,web,646
414,0,2019-01-01,196,E-Commerce Services,PH,2019-01-01 2020-06-25,web,340
415,1,2019-02-01,200,E-Commerce Services,PH,2019-01-01 2020-06-25,web,340
416,2,2019-03-01,266,E-Commerce Services,PH,2019-01-01 2020-06-25,web,340
417,3,2019-04-01,217,E-Commerce Services,PH,2019-01-01 2020-06-25,web,340
418,4,2019-05-01,219,E-Commerce Services,PH,2019-01-01 2020-06-25,web,340
419,5,2019-06-01,303,E-Commerce Services,PH,2019-01-01 2020-06-25,web,340
420,6,2019-07-01,239,E-Commerce Services,PH,2019-01-01 2020-06-25,web,340
421,7,2019-08-01,244,E-Commerce Services,PH,2019-01-01 2020-06-25,web,340
422,8,2019-09-01,317,E-Commerce Services,PH,2019-01-01 2020-06-25,web,340
423,9,2019-10-01,247,E-Commerce Services,PH,2019-01-01 2020-06-25,web,340
424,10,2019-11-01,250,E-Commerce Services,PH,2019-01-01 2020-06-25,web,340
425,11,2019-12-01,295,E-Commerce Services,PH,2019-01-01 2020-06-25,web,340
426,12,2020-01-01,241,E-Commerce Services,PH,2019-01-01 2020-06-25,web,340
427,13,2020-02-01,249,E-Commerce Services,PH,2019-01-01 2020-06-25,web,340
428,14,2020-03-01,338,E-Commerce Services,PH,2019-01-01 2020-06-25,web,340
429,15,2020-04-01,328,E-Commerce Services,PH,2019-01-01 2020-06-25,web,340
430,16,2020-05-01,460,E-Commerce Services,PH,2019-01-01 2020-06-25,web,340
431,17,2020-06-01,288,E-Commerce Services,PH,2019-01-01 2020-06-25,web,340
432,0,2019-01-01,267,Electronic Accessories,PH,2019-01-01 2020-06-25,web,1192
433,1,2019-02-01,266,Electronic Accessories,PH,2019-01-01 2020-06-25,web,1192
434,2,2019-03-01,332,Electronic Accessories,PH,2019-01-01 2020-06-25,web,1192
435,3,2019-04-01,258,Electronic Accessories,PH,2019-01-01 2020-06-25,web,1192
436,4,2019-05-01,256,Electronic Accessories,PH,2019-01-01 2020-06-25,web,1192
437,5,2019-06-01,362,Electronic Accessories,PH,2019-01-01 2020-06-25,web,1192
438,6,2019-07-01,316,Electronic Accessories,PH,2019-01-01 2020-06-25,web,1192
439,7,2019-08-01,323,Electronic Accessories,PH,2019-01-01 2020-06-25,web,1192
440,8,2019-09-01,339,Electronic Accessories,PH,2019-01-01 2020-06-25,web,1192
441,9,2019-10-01,269,Electronic Accessories,PH,2019-01-01 2020-06-25,web,1192
442,10,2019-11-01,316,Electronic Accessories,PH,2019-01-01 2020-06-25,web,1192
443,11,2019-12-01,393,Electronic Accessories,PH,2019-01-01 2020-06-25,web,1192
444,12,2020-01-01,289,Electronic Accessories,PH,2019-01-01 2020-06-25,web,1192
445,13,2020-02-01,296,Electronic Accessories,PH,2019-01-01 2020-06-25,web,1192
446,14,2020-03-01,303,Electronic Accessories,PH,2019-01-01 2020-06-25,web,1192
447,15,2020-04-01,213,Electronic Accessories,PH,2019-01-01 2020-06-25,web,1192
448,16,2020-05-01,427,Electronic Accessories,PH,2019-01-01 2020-06-25,web,1192
449,17,2020-06-01,281,Electronic Accessories,PH,2019-01-01 2020-06-25,web,1192
450,0,2019-01-01,287,Electronic Components,PH,2019-01-01 2020-06-25,web,742
451,1,2019-02-01,288,Electronic Components,PH,2019-01-01 2020-06-25,web,742
452,2,2019-03-01,352,Electronic Components,PH,2019-01-01 2020-06-25,web,742
453,3,2019-04-01,215,Electronic Components,PH,2019-01-01 2020-06-25,web,742
454,4,2019-05-01,222,Electronic Components,PH,2019-01-01 2020-06-25,web,742
455,5,2019-06-01,319,Electronic Components,PH,2019-01-01 2020-06-25,web,742
456,6,2019-07-01,285,Electronic Components,PH,2019-01-01 2020-06-25,web,742
457,7,2019-08-01,301,Electronic Components,PH,2019-01-01 2020-06-25,web,742
458,8,2019-09-01,387,Electronic Components,PH,2019-01-01 2020-06-25,web,742
459,9,2019-10-01,300,Electronic Components,PH,2019-01-01 2020-06-25,web,742
460,10,2019-11-01,319,Electronic Components,PH,2019-01-01 2020-06-25,web,742
461,11,2019-12-01,304,Electronic Components,PH,2019-01-01 2020-06-25,web,742
462,12,2020-01-01,333,Electronic Components,PH,2019-01-01 2020-06-25,web,742
463,13,2020-02-01,367,Electronic Components,PH,2019-01-01 2020-06-25,web,742
464,14,2020-03-01,326,Electronic Components,PH,2019-01-01 2020-06-25,web,742
465,15,2020-04-01,187,Electronic Components,PH,2019-01-01 2020-06-25,web,742
466,16,2020-05-01,276,Electronic Components,PH,2019-01-01 2020-06-25,web,742
467,17,2020-06-01,182,Electronic Components,PH,2019-01-01 2020-06-25,web,742
468,0,2019-01-01,303,Electronics & Electrical,PH,2019-01-01 2020-06-25,web,434
469,1,2019-02-01,307,Electronics & Electrical,PH,2019-01-01 2020-06-25,web,434
470,2,2019-03-01,392,Electronics & Electrical,PH,2019-01-01 2020-06-25,web,434
471,3,2019-04-01,263,Electronics & Electrical,PH,2019-01-01 2020-06-25,web,434
472,4,2019-05-01,269,Electronics & Electrical,PH,2019-01-01 2020-06-25,web,434
473,5,2019-06-01,428,Electronics & Electrical,PH,2019-01-01 2020-06-25,web,434
474,6,2019-07-01,362,Electronics & Electrical,PH,2019-01-01 2020-06-25,web,434
475,7,2019-08-01,381,Electronics & Electrical,PH,2019-01-01 2020-06-25,web,434
476,8,2019-09-01,459,Electronics & Electrical,PH,2019-01-01 2020-06-25,web,434
477,9,2019-10-01,348,Electronics & Electrical,PH,2019-01-01 2020-06-25,web,434
478,10,2019-11-01,345,Electronics & Electrical,PH,2019-01-01 2020-06-25,web,434
479,11,2019-12-01,374,Electronics & Electrical,PH,2019-01-01 2020-06-25,web,434
480,12,2020-01-01,352,Electronics & Electrical,PH,2019-01-01 2020-06-25,web,434
481,13,2020-02-01,385,Electronics & Electrical,PH,2019-01-01 2020-06-25,web,434
482,14,2020-03-01,367,Electronics & Electrical,PH,2019-01-01 2020-06-25,web,434
483,15,2020-04-01,213,Electronics & Electrical,PH,2019-01-01 2020-06-25,web,434
484,16,2020-05-01,368,Electronics & Electrical,PH,2019-01-01 2020-06-25,web,434
485,17,2020-06-01,233,Electronics & Electrical,PH,2019-01-01 2020-06-25,web,434
486,0,2019-01-01,216,Fitness,PH,2019-01-01 2020-06-25,web,94
487,1,2019-02-01,247,Fitness,PH,2019-01-01 2020-06-25,web,94
488,2,2019-03-01,300,Fitness,PH,2019-01-01 2020-06-25,web,94
489,3,2019-04-01,225,Fitness,PH,2019-01-01 2020-06-25,web,94
490,4,2019-05-01,249,Fitness,PH,2019-01-01 2020-06-25,web,94
491,5,2019-06-01,363,Fitness,PH,2019-01-01 2020-06-25,web,94
492,6,2019-07-01,303,Fitness,PH,2019-01-01 2020-06-25,web,94
493,7,2019-08-01,275,Fitness,PH,2019-01-01 2020-06-25,web,94
494,8,2019-09-01,329,Fitness,PH,2019-01-01 2020-06-25,web,94
495,9,2019-10-01,240,Fitness,PH,2019-01-01 2020-06-25,web,94
496,10,2019-11-01,232,Fitness,PH,2019-01-01 2020-06-25,web,94
497,11,2019-12-01,254,Fitness,PH,2019-01-01 2020-06-25,web,94
498,12,2020-01-01,239,Fitness,PH,2019-01-01 2020-06-25,web,94
499,13,2020-02-01,252,Fitness,PH,2019-01-01 2020-06-25,web,94
500,14,2020-03-01,369,Fitness,PH,2019-01-01 2020-06-25,web,94
501,15,2020-04-01,389,Fitness,PH,2019-01-01 2020-06-25,web,94
502,16,2020-05-01,441,Fitness,PH,2019-01-01 2020-06-25,web,94
503,17,2020-06-01,231,Fitness,PH,2019-01-01 2020-06-25,web,94
504,0,2019-01-01,280,Food & Drink,PH,2019-01-01 2020-06-25,web,71
505,1,2019-02-01,298,Food & Drink,PH,2019-01-01 2020-06-25,web,71
506,2,2019-03-01,362,Food & Drink,PH,2019-01-01 2020-06-25,web,71
507,3,2019-04-01,276,Food & Drink,PH,2019-01-01 2020-06-25,web,71
508,4,2019-05-01,290,Food & Drink,PH,2019-01-01 2020-06-25,web,71
509,5,2019-06-01,397,Food & Drink,PH,2019-01-01 2020-06-25,web,71
510,6,2019-07-01,354,Food & Drink,PH,2019-01-01 2020-06-25,web,71
511,7,2019-08-01,329,Food & Drink,PH,2019-01-01 2020-06-25,web,71
512,8,2019-09-01,396,Food & Drink,PH,2019-01-01 2020-06-25,web,71
513,9,2019-10-01,303,Food & Drink,PH,2019-01-01 2020-06-25,web,71
514,10,2019-11-01,319,Food & Drink,PH,2019-01-01 2020-06-25,web,71
515,11,2019-12-01,427,Food & Drink,PH,2019-01-01 2020-06-25,web,71
516,12,2020-01-01,313,Food & Drink,PH,2019-01-01 2020-06-25,web,71
517,13,2020-02-01,325,Food & Drink,PH,2019-01-01 2020-06-25,web,71
518,14,2020-03-01,399,Food & Drink,PH,2019-01-01 2020-06-25,web,71
519,15,2020-04-01,385,Food & Drink,PH,2019-01-01 2020-06-25,web,71
520,16,2020-05-01,475,Food & Drink,PH,2019-01-01 2020-06-25,web,71
521,17,2020-06-01,282,Food & Drink,PH,2019-01-01 2020-06-25,web,71
522,0,2019-01-01,294,Food Production,PH,2019-01-01 2020-06-25,web,621
523,1,2019-02-01,291,Food Production,PH,2019-01-01 2020-06-25,web,621
524,2,2019-03-01,354,Food Production,PH,2019-01-01 2020-06-25,web,621
525,3,2019-04-01,233,Food Production,PH,2019-01-01 2020-06-25,web,621
526,4,2019-05-01,226,Food Production,PH,2019-01-01 2020-06-25,web,621
527,5,2019-06-01,354,Food Production,PH,2019-01-01 2020-06-25,web,621
528,6,2019-07-01,320,Food Production,PH,2019-01-01 2020-06-25,web,621
529,7,2019-08-01,311,Food Production,PH,2019-01-01 2020-06-25,web,621
530,8,2019-09-01,429,Food Production,PH,2019-01-01 2020-06-25,web,621
531,9,2019-10-01,276,Food Production,PH,2019-01-01 2020-06-25,web,621
532,10,2019-11-01,320,Food Production,PH,2019-01-01 2020-06-25,web,621
533,11,2019-12-01,281,Food Production,PH,2019-01-01 2020-06-25,web,621
534,12,2020-01-01,310,Food Production,PH,2019-01-01 2020-06-25,web,621
535,13,2020-02-01,336,Food Production,PH,2019-01-01 2020-06-25,web,621
536,14,2020-03-01,323,Food Production,PH,2019-01-01 2020-06-25,web,621
537,15,2020-04-01,272,Food Production,PH,2019-01-01 2020-06-25,web,621
538,16,2020-05-01,369,Food Production,PH,2019-01-01 2020-06-25,web,621
539,17,2020-06-01,235,Food Production,PH,2019-01-01 2020-06-25,web,621
540,0,2019-01-01,356,Food Service,PH,2019-01-01 2020-06-25,web,957
541,1,2019-02-01,380,Food Service,PH,2019-01-01 2020-06-25,web,957
542,2,2019-03-01,468,Food Service,PH,2019-01-01 2020-06-25,web,957
543,3,2019-04-01,341,Food Service,PH,2019-01-01 2020-06-25,web,957
544,4,2019-05-01,355,Food Service,PH,2019-01-01 2020-06-25,web,957
545,5,2019-06-01,424,Food Service,PH,2019-01-01 2020-06-25,web,957
546,6,2019-07-01,346,Food Service,PH,2019-01-01 2020-06-25,web,957
547,7,2019-08-01,363,Food Service,PH,2019-01-01 2020-06-25,web,957
548,8,2019-09-01,440,Food Service,PH,2019-01-01 2020-06-25,web,957
549,9,2019-10-01,352,Food Service,PH,2019-01-01 2020-06-25,web,957
550,10,2019-11-01,347,Food Service,PH,2019-01-01 2020-06-25,web,957
551,11,2019-12-01,459,Food Service,PH,2019-01-01 2020-06-25,web,957
552,12,2020-01-01,311,Food Service,PH,2019-01-01 2020-06-25,web,957
553,13,2020-02-01,313,Food Service,PH,2019-01-01 2020-06-25,web,957
554,14,2020-03-01,263,Food Service,PH,2019-01-01 2020-06-25,web,957
555,15,2020-04-01,105,Food Service,PH,2019-01-01 2020-06-25,web,957
556,16,2020-05-01,169,Food Service,PH,2019-01-01 2020-06-25,web,957
557,17,2020-06-01,143,Food Service,PH,2019-01-01 2020-06-25,web,957
558,0,2019-01-01,212,Fruits & Vegetables,PH,2019-01-01 2020-06-25,web,908
559,1,2019-02-01,219,Fruits & Vegetables,PH,2019-01-01 2020-06-25,web,908
560,2,2019-03-01,240,Fruits & Vegetables,PH,2019-01-01 2020-06-25,web,908
561,3,2019-04-01,187,Fruits & Vegetables,PH,2019-01-01 2020-06-25,web,908
562,4,2019-05-01,171,Fruits & Vegetables,PH,2019-01-01 2020-06-25,web,908
563,5,2019-06-01,393,Fruits & Vegetables,PH,2019-01-01 2020-06-25,web,908
564,6,2019-07-01,371,Fruits & Vegetables,PH,2019-01-01 2020-06-25,web,908
565,7,2019-08-01,267,Fruits & Vegetables,PH,2019-01-01 2020-06-25,web,908
566,8,2019-09-01,316,Fruits & Vegetables,PH,2019-01-01 2020-06-25,web,908
567,9,2019-10-01,204,Fruits & Vegetables,PH,2019-01-01 2020-06-25,web,908
568,10,2019-11-01,232,Fruits & Vegetables,PH,2019-01-01 2020-06-25,web,908
569,11,2019-12-01,228,Fruits & Vegetables,PH,2019-01-01 2020-06-25,web,908
570,12,2020-01-01,221,Fruits & Vegetables,PH,2019-01-01 2020-06-25,web,908
571,13,2020-02-01,240,Fruits & Vegetables,PH,2019-01-01 2020-06-25,web,908
572,14,2020-03-01,244,Fruits & Vegetables,PH,2019-01-01 2020-06-25,web,908
573,15,2020-04-01,234,Fruits & Vegetables,PH,2019-01-01 2020-06-25,web,908
574,16,2020-05-01,283,Fruits & Vegetables,PH,2019-01-01 2020-06-25,web,908
575,17,2020-06-01,167,Fruits & Vegetables,PH,2019-01-01 2020-06-25,web,908
576,0,2019-01-01,130,Grocery & Food Retailers,PH,2019-01-01 2020-06-25,web,121
577,1,2019-02-01,141,Grocery & Food Retailers,PH,2019-01-01 2020-06-25,web,121
578,2,2019-03-01,174,Grocery & Food Retailers,PH,2019-01-01 2020-06-25,web,121
579,3,2019-04-01,135,Grocery & Food Retailers,PH,2019-01-01 2020-06-25,web,121
580,4,2019-05-01,152,Grocery & Food Retailers,PH,2019-01-01 2020-06-25,web,121
581,5,2019-06-01,205,Grocery & Food Retailers,PH,2019-01-01 2020-06-25,web,121
582,6,2019-07-01,172,Grocery & Food Retailers,PH,2019-01-01 2020-06-25,web,121
583,7,2019-08-01,164,Grocery & Food Retailers,PH,2019-01-01 2020-06-25,web,121
584,8,2019-09-01,213,Grocery & Food Retailers,PH,2019-01-01 2020-06-25,web,121
585,9,2019-10-01,161,Grocery & Food Retailers,PH,2019-01-01 2020-06-25,web,121
586,10,2019-11-01,157,Grocery & Food Retailers,PH,2019-01-01 2020-06-25,web,121
587,11,2019-12-01,203,Grocery & Food Retailers,PH,2019-01-01 2020-06-25,web,121
588,12,2020-01-01,149,Grocery & Food Retailers,PH,2019-01-01 2020-06-25,web,121
589,13,2020-02-01,159,Grocery & Food Retailers,PH,2019-01-01 2020-06-25,web,121
590,14,2020-03-01,357,Grocery & Food Retailers,PH,2019-01-01 2020-06-25,web,121
591,15,2020-04-01,266,Grocery & Food Retailers,PH,2019-01-01 2020-06-25,web,121
592,16,2020-05-01,241,Grocery & Food Retailers,PH,2019-01-01 2020-06-25,web,121
593,17,2020-06-01,143,Grocery & Food Retailers,PH,2019-01-01 2020-06-25,web,121
594,0,2019-01-01,262,Home Furnishings,PH,2019-01-01 2020-06-25,web,270
595,1,2019-02-01,288,Home Furnishings,PH,2019-01-01 2020-06-25,web,270
596,2,2019-03-01,376,Home Furnishings,PH,2019-01-01 2020-06-25,web,270
597,3,2019-04-01,289,Home Furnishings,PH,2019-01-01 2020-06-25,web,270
598,4,2019-05-01,299,Home Furnishings,PH,2019-01-01 2020-06-25,web,270
599,5,2019-06-01,387,Home Furnishings,PH,2019-01-01 2020-06-25,web,270
600,6,2019-07-01,345,Home Furnishings,PH,2019-01-01 2020-06-25,web,270
601,7,2019-08-01,337,Home Furnishings,PH,2019-01-01 2020-06-25,web,270
602,8,2019-09-01,388,Home Furnishings,PH,2019-01-01 2020-06-25,web,270
603,9,2019-10-01,302,Home Furnishings,PH,2019-01-01 2020-06-25,web,270
604,10,2019-11-01,328,Home Furnishings,PH,2019-01-01 2020-06-25,web,270
605,11,2019-12-01,385,Home Furnishings,PH,2019-01-01 2020-06-25,web,270
606,12,2020-01-01,342,Home Furnishings,PH,2019-01-01 2020-06-25,web,270
607,13,2020-02-01,326,Home Furnishings,PH,2019-01-01 2020-06-25,web,270
608,14,2020-03-01,305,Home Furnishings,PH,2019-01-01 2020-06-25,web,270
609,15,2020-04-01,216,Home Furnishings,PH,2019-01-01 2020-06-25,web,270
610,16,2020-05-01,354,Home Furnishings,PH,2019-01-01 2020-06-25,web,270
611,17,2020-06-01,257,Home Furnishings,PH,2019-01-01 2020-06-25,web,270
612,0,2019-01-01,293,Hotels & Accommodations,PH,2019-01-01 2020-06-25,web,179
613,1,2019-02-01,309,Hotels & Accommodations,PH,2019-01-01 2020-06-25,web,179
614,2,2019-03-01,433,Hotels & Accommodations,PH,2019-01-01 2020-06-25,web,179
615,3,2019-04-01,377,Hotels & Accommodations,PH,2019-01-01 2020-06-25,web,179
616,4,2019-05-01,358,Hotels & Accommodations,PH,2019-01-01 2020-06-25,web,179
617,5,2019-06-01,416,Hotels & Accommodations,PH,2019-01-01 2020-06-25,web,179
618,6,2019-07-01,342,Hotels & Accommodations,PH,2019-01-01 2020-06-25,web,179
619,7,2019-08-01,334,Hotels & Accommodations,PH,2019-01-01 2020-06-25,web,179
620,8,2019-09-01,402,Hotels & Accommodations,PH,2019-01-01 2020-06-25,web,179
621,9,2019-10-01,316,Hotels & Accommodations,PH,2019-01-01 2020-06-25,web,179
622,10,2019-11-01,343,Hotels & Accommodations,PH,2019-01-01 2020-06-25,web,179
623,11,2019-12-01,409,Hotels & Accommodations,PH,2019-01-01 2020-06-25,web,179
624,12,2020-01-01,301,Hotels & Accommodations,PH,2019-01-01 2020-06-25,web,179
625,13,2020-02-01,297,Hotels & Accommodations,PH,2019-01-01 2020-06-25,web,179
626,14,2020-03-01,260,Hotels & Accommodations,PH,2019-01-01 2020-06-25,web,179
627,15,2020-04-01,132,Hotels & Accommodations,PH,2019-01-01 2020-06-25,web,179
628,16,2020-05-01,167,Hotels & Accommodations,PH,2019-01-01 2020-06-25,web,179
629,17,2020-06-01,124,Hotels & Accommodations,PH,2019-01-01 2020-06-25,web,179
630,0,2019-01-01,239,Kitchen & Dining,PH,2019-01-01 2020-06-25,web,951
631,1,2019-02-01,247,Kitchen & Dining,PH,2019-01-01 2020-06-25,web,951
632,2,2019-03-01,304,Kitchen & Dining,PH,2019-01-01 2020-06-25,web,951
633,3,2019-04-01,219,Kitchen & Dining,PH,2019-01-01 2020-06-25,web,951
634,4,2019-05-01,249,Kitchen & Dining,PH,2019-01-01 2020-06-25,web,951
635,5,2019-06-01,415,Kitchen & Dining,PH,2019-01-01 2020-06-25,web,951
636,6,2019-07-01,322,Kitchen & Dining,PH,2019-01-01 2020-06-25,web,951
637,7,2019-08-01,293,Kitchen & Dining,PH,2019-01-01 2020-06-25,web,951
638,8,2019-09-01,350,Kitchen & Dining,PH,2019-01-01 2020-06-25,web,951
639,9,2019-10-01,252,Kitchen & Dining,PH,2019-01-01 2020-06-25,web,951
640,10,2019-11-01,283,Kitchen & Dining,PH,2019-01-01 2020-06-25,web,951
641,11,2019-12-01,358,Kitchen & Dining,PH,2019-01-01 2020-06-25,web,951
642,12,2020-01-01,275,Kitchen & Dining,PH,2019-01-01 2020-06-25,web,951
643,13,2020-02-01,276,Kitchen & Dining,PH,2019-01-01 2020-06-25,web,951
644,14,2020-03-01,285,Kitchen & Dining,PH,2019-01-01 2020-06-25,web,951
645,15,2020-04-01,279,Kitchen & Dining,PH,2019-01-01 2020-06-25,web,951
646,16,2020-05-01,464,Kitchen & Dining,PH,2019-01-01 2020-06-25,web,951
647,17,2020-06-01,296,Kitchen & Dining,PH,2019-01-01 2020-06-25,web,951
648,0,2019-01-01,155,Major Kitchen Appliances,PH,2019-01-01 2020-06-25,web,1293
649,1,2019-02-01,163,Major Kitchen Appliances,PH,2019-01-01 2020-06-25,web,1293
650,2,2019-03-01,217,Major Kitchen Appliances,PH,2019-01-01 2020-06-25,web,1293
651,3,2019-04-01,177,Major Kitchen Appliances,PH,2019-01-01 2020-06-25,web,1293
652,4,2019-05-01,183,Major Kitchen Appliances,PH,2019-01-01 2020-06-25,web,1293
653,5,2019-06-01,252,Major Kitchen Appliances,PH,2019-01-01 2020-06-25,web,1293
654,6,2019-07-01,219,Major Kitchen Appliances,PH,2019-01-01 2020-06-25,web,1293
655,7,2019-08-01,212,Major Kitchen Appliances,PH,2019-01-01 2020-06-25,web,1293
656,8,2019-09-01,231,Major Kitchen Appliances,PH,2019-01-01 2020-06-25,web,1293
657,9,2019-10-01,193,Major Kitchen Appliances,PH,2019-01-01 2020-06-25,web,1293
658,10,2019-11-01,210,Major Kitchen Appliances,PH,2019-01-01 2020-06-25,web,1293
659,11,2019-12-01,259,Major Kitchen Appliances,PH,2019-01-01 2020-06-25,web,1293
660,12,2020-01-01,205,Major Kitchen Appliances,PH,2019-01-01 2020-06-25,web,1293
661,13,2020-02-01,193,Major Kitchen Appliances,PH,2019-01-01 2020-06-25,web,1293
662,14,2020-03-01,214,Major Kitchen Appliances,PH,2019-01-01 2020-06-25,web,1293
663,15,2020-04-01,210,Major Kitchen Appliances,PH,2019-01-01 2020-06-25,web,1293
664,16,2020-05-01,445,Major Kitchen Appliances,PH,2019-01-01 2020-06-25,web,1293
665,17,2020-06-01,253,Major Kitchen Appliances,PH,2019-01-01 2020-06-25,web,1293
666,0,2019-01-01,203,Meat & Seafood,PH,2019-01-01 2020-06-25,web,909
667,1,2019-02-01,215,Meat & Seafood,PH,2019-01-01 2020-06-25,web,909
668,2,2019-03-01,255,Meat & Seafood,PH,2019-01-01 2020-06-25,web,909
669,3,2019-04-01,190,Meat & Seafood,PH,2019-01-01 2020-06-25,web,909
670,4,2019-05-01,189,Meat & Seafood,PH,2019-01-01 2020-06-25,web,909
671,5,2019-06-01,257,Meat & Seafood,PH,2019-01-01 2020-06-25,web,909
672,6,2019-07-01,233,Meat & Seafood,PH,2019-01-01 2020-06-25,web,909
673,7,2019-08-01,226,Meat & Seafood,PH,2019-01-01 2020-06-25,web,909
674,8,2019-09-01,268,Meat & Seafood,PH,2019-01-01 2020-06-25,web,909
675,9,2019-10-01,217,Meat & Seafood,PH,2019-01-01 2020-06-25,web,909
676,10,2019-11-01,232,Meat & Seafood,PH,2019-01-01 2020-06-25,web,909
677,11,2019-12-01,310,Meat & Seafood,PH,2019-01-01 2020-06-25,web,909
678,12,2020-01-01,225,Meat & Seafood,PH,2019-01-01 2020-06-25,web,909
679,13,2020-02-01,245,Meat & Seafood,PH,2019-01-01 2020-06-25,web,909
680,14,2020-03-01,318,Meat & Seafood,PH,2019-01-01 2020-06-25,web,909
681,15,2020-04-01,379,Meat & Seafood,PH,2019-01-01 2020-06-25,web,909
682,16,2020-05-01,436,Meat & Seafood,PH,2019-01-01 2020-06-25,web,909
683,17,2020-06-01,237,Meat & Seafood,PH,2019-01-01 2020-06-25,web,909
684,0,2019-01-01,233,Men's Clothing,PH,2019-01-01 2020-06-25,web,992
685,1,2019-02-01,273,Men's Clothing,PH,2019-01-01 2020-06-25,web,992
686,2,2019-03-01,313,Men's Clothing,PH,2019-01-01 2020-06-25,web,992
687,3,2019-04-01,221,Men's Clothing,PH,2019-01-01 2020-06-25,web,992
688,4,2019-05-01,245,Men's Clothing,PH,2019-01-01 2020-06-25,web,992
689,5,2019-06-01,279,Men's Clothing,PH,2019-01-01 2020-06-25,web,992
690,6,2019-07-01,254,Men's Clothing,PH,2019-01-01 2020-06-25,web,992
691,7,2019-08-01,256,Men's Clothing,PH,2019-01-01 2020-06-25,web,992
692,8,2019-09-01,301,Men's Clothing,PH,2019-01-01 2020-06-25,web,992
693,9,2019-10-01,233,Men's Clothing,PH,2019-01-01 2020-06-25,web,992
694,10,2019-11-01,281,Men's Clothing,PH,2019-01-01 2020-06-25,web,992
695,11,2019-12-01,403,Men's Clothing,PH,2019-01-01 2020-06-25,web,992
696,12,2020-01-01,250,Men's Clothing,PH,2019-01-01 2020-06-25,web,992
697,13,2020-02-01,255,Men's Clothing,PH,2019-01-01 2020-06-25,web,992
698,14,2020-03-01,198,Men's Clothing,PH,2019-01-01 2020-06-25,web,992
699,15,2020-04-01,135,Men's Clothing,PH,2019-01-01 2020-06-25,web,992
700,16,2020-05-01,205,Men's Clothing,PH,2019-01-01 2020-06-25,web,992
701,17,2020-06-01,141,Men's Clothing,PH,2019-01-01 2020-06-25,web,992
702,0,2019-01-01,254,Non-Alcoholic Beverages,PH,2019-01-01 2020-06-25,web,560
703,1,2019-02-01,271,Non-Alcoholic Beverages,PH,2019-01-01 2020-06-25,web,560
704,2,2019-03-01,333,Non-Alcoholic Beverages,PH,2019-01-01 2020-06-25,web,560
705,3,2019-04-01,251,Non-Alcoholic Beverages,PH,2019-01-01 2020-06-25,web,560
706,4,2019-05-01,261,Non-Alcoholic Beverages,PH,2019-01-01 2020-06-25,web,560
707,5,2019-06-01,353,Non-Alcoholic Beverages,PH,2019-01-01 2020-06-25,web,560
708,6,2019-07-01,310,Non-Alcoholic Beverages,PH,2019-01-01 2020-06-25,web,560
709,7,2019-08-01,286,Non-Alcoholic Beverages,PH,2019-01-01 2020-06-25,web,560
710,8,2019-09-01,361,Non-Alcoholic Beverages,PH,2019-01-01 2020-06-25,web,560
711,9,2019-10-01,277,Non-Alcoholic Beverages,PH,2019-01-01 2020-06-25,web,560
712,10,2019-11-01,326,Non-Alcoholic Beverages,PH,2019-01-01 2020-06-25,web,560
713,11,2019-12-01,357,Non-Alcoholic Beverages,PH,2019-01-01 2020-06-25,web,560
714,12,2020-01-01,286,Non-Alcoholic Beverages,PH,2019-01-01 2020-06-25,web,560
715,13,2020-02-01,280,Non-Alcoholic Beverages,PH,2019-01-01 2020-06-25,web,560
716,14,2020-03-01,349,Non-Alcoholic Beverages,PH,2019-01-01 2020-06-25,web,560
717,15,2020-04-01,277,Non-Alcoholic Beverages,PH,2019-01-01 2020-06-25,web,560
718,16,2020-05-01,369,Non-Alcoholic Beverages,PH,2019-01-01 2020-06-25,web,560
719,17,2020-06-01,223,Non-Alcoholic Beverages,PH,2019-01-01 2020-06-25,web,560
720,0,2019-01-01,219,Pet Food & Supplies,PH,2019-01-01 2020-06-25,web,379
721,1,2019-02-01,232,Pet Food & Supplies,PH,2019-01-01 2020-06-25,web,379
722,2,2019-03-01,308,Pet Food & Supplies,PH,2019-01-01 2020-06-25,web,379
723,3,2019-04-01,220,Pet Food & Supplies,PH,2019-01-01 2020-06-25,web,379
724,4,2019-05-01,224,Pet Food & Supplies,PH,2019-01-01 2020-06-25,web,379
725,5,2019-06-01,321,Pet Food & Supplies,PH,2019-01-01 2020-06-25,web,379
726,6,2019-07-01,267,Pet Food & Supplies,PH,2019-01-01 2020-06-25,web,379
727,7,2019-08-01,251,Pet Food & Supplies,PH,2019-01-01 2020-06-25,web,379
728,8,2019-09-01,298,Pet Food & Supplies,PH,2019-01-01 2020-06-25,web,379
729,9,2019-10-01,238,Pet Food & Supplies,PH,2019-01-01 2020-06-25,web,379
730,10,2019-11-01,246,Pet Food & Supplies,PH,2019-01-01 2020-06-25,web,379
731,11,2019-12-01,308,Pet Food & Supplies,PH,2019-01-01 2020-06-25,web,379
732,12,2020-01-01,259,Pet Food & Supplies,PH,2019-01-01 2020-06-25,web,379
733,13,2020-02-01,256,Pet Food & Supplies,PH,2019-01-01 2020-06-25,web,379
734,14,2020-03-01,307,Pet Food & Supplies,PH,2019-01-01 2020-06-25,web,379
735,15,2020-04-01,305,Pet Food & Supplies,PH,2019-01-01 2020-06-25,web,379
736,16,2020-05-01,432,Pet Food & Supplies,PH,2019-01-01 2020-06-25,web,379
737,17,2020-06-01,278,Pet Food & Supplies,PH,2019-01-01 2020-06-25,web,379
738,0,2019-01-01,297,Shopping,PH,2019-01-01 2020-06-25,web,18
739,1,2019-02-01,310,Shopping,PH,2019-01-01 2020-06-25,web,18
740,2,2019-03-01,387,Shopping,PH,2019-01-01 2020-06-25,web,18
741,3,2019-04-01,287,Shopping,PH,2019-01-01 2020-06-25,web,18
742,4,2019-05-01,299,Shopping,PH,2019-01-01 2020-06-25,web,18
743,5,2019-06-01,401,Shopping,PH,2019-01-01 2020-06-25,web,18
744,6,2019-07-01,338,Shopping,PH,2019-01-01 2020-06-25,web,18
745,7,2019-08-01,324,Shopping,PH,2019-01-01 2020-06-25,web,18
746,8,2019-09-01,410,Shopping,PH,2019-01-01 2020-06-25,web,18
747,9,2019-10-01,327,Shopping,PH,2019-01-01 2020-06-25,web,18
748,10,2019-11-01,350,Shopping,PH,2019-01-01 2020-06-25,web,18
749,11,2019-12-01,458,Shopping,PH,2019-01-01 2020-06-25,web,18
750,12,2020-01-01,327,Shopping,PH,2019-01-01 2020-06-25,web,18
751,13,2020-02-01,323,Shopping,PH,2019-01-01 2020-06-25,web,18
752,14,2020-03-01,319,Shopping,PH,2019-01-01 2020-06-25,web,18
753,15,2020-04-01,233,Shopping,PH,2019-01-01 2020-06-25,web,18
754,16,2020-05-01,361,Shopping,PH,2019-01-01 2020-06-25,web,18
755,17,2020-06-01,241,Shopping,PH,2019-01-01 2020-06-25,web,18
756,0,2019-01-01,200,Small Kitchen Appliances,PH,2019-01-01 2020-06-25,web,1292
757,1,2019-02-01,194,Small Kitchen Appliances,PH,2019-01-01 2020-06-25,web,1292
758,2,2019-03-01,251,Small Kitchen Appliances,PH,2019-01-01 2020-06-25,web,1292
759,3,2019-04-01,175,Small Kitchen Appliances,PH,2019-01-01 2020-06-25,web,1292
760,4,2019-05-01,184,Small Kitchen Appliances,PH,2019-01-01 2020-06-25,web,1292
761,5,2019-06-01,265,Small Kitchen Appliances,PH,2019-01-01 2020-06-25,web,1292
762,6,2019-07-01,229,Small Kitchen Appliances,PH,2019-01-01 2020-06-25,web,1292
763,7,2019-08-01,198,Small Kitchen Appliances,PH,2019-01-01 2020-06-25,web,1292
764,8,2019-09-01,256,Small Kitchen Appliances,PH,2019-01-01 2020-06-25,web,1292
765,9,2019-10-01,209,Small Kitchen Appliances,PH,2019-01-01 2020-06-25,web,1292
766,10,2019-11-01,214,Small Kitchen Appliances,PH,2019-01-01 2020-06-25,web,1292
767,11,2019-12-01,310,Small Kitchen Appliances,PH,2019-01-01 2020-06-25,web,1292
768,12,2020-01-01,228,Small Kitchen Appliances,PH,2019-01-01 2020-06-25,web,1292
769,13,2020-02-01,209,Small Kitchen Appliances,PH,2019-01-01 2020-06-25,web,1292
770,14,2020-03-01,241,Small Kitchen Appliances,PH,2019-01-01 2020-06-25,web,1292
771,15,2020-04-01,257,Small Kitchen Appliances,PH,2019-01-01 2020-06-25,web,1292
772,16,2020-05-01,430,Small Kitchen Appliances,PH,2019-01-01 2020-06-25,web,1292
773,17,2020-06-01,279,Small Kitchen Appliances,PH,2019-01-01 2020-06-25,web,1292
774,0,2019-01-01,258,Spas & Beauty Services,PH,2019-01-01 2020-06-25,web,145
775,1,2019-02-01,264,Spas & Beauty Services,PH,2019-01-01 2020-06-25,web,145
776,2,2019-03-01,317,Spas & Beauty Services,PH,2019-01-01 2020-06-25,web,145
777,3,2019-04-01,269,Spas & Beauty Services,PH,2019-01-01 2020-06-25,web,145
778,4,2019-05-01,277,Spas & Beauty Services,PH,2019-01-01 2020-06-25,web,145
779,5,2019-06-01,364,Spas & Beauty Services,PH,2019-01-01 2020-06-25,web,145
780,6,2019-07-01,331,Spas & Beauty Services,PH,2019-01-01 2020-06-25,web,145
781,7,2019-08-01,283,Spas & Beauty Services,PH,2019-01-01 2020-06-25,web,145
782,8,2019-09-01,326,Spas & Beauty Services,PH,2019-01-01 2020-06-25,web,145
783,9,2019-10-01,251,Spas & Beauty Services,PH,2019-01-01 2020-06-25,web,145
784,10,2019-11-01,264,Spas & Beauty Services,PH,2019-01-01 2020-06-25,web,145
785,11,2019-12-01,337,Spas & Beauty Services,PH,2019-01-01 2020-06-25,web,145
786,12,2020-01-01,260,Spas & Beauty Services,PH,2019-01-01 2020-06-25,web,145
787,13,2020-02-01,249,Spas & Beauty Services,PH,2019-01-01 2020-06-25,web,145
788,14,2020-03-01,198,Spas & Beauty Services,PH,2019-01-01 2020-06-25,web,145
789,15,2020-04-01,105,Spas & Beauty Services,PH,2019-01-01 2020-06-25,web,145
790,16,2020-05-01,150,Spas & Beauty Services,PH,2019-01-01 2020-06-25,web,145
791,17,2020-06-01,106,Spas & Beauty Services,PH,2019-01-01 2020-06-25,web,145
792,0,2019-01-01,176,Video Game Retailers,PH,2019-01-01 2020-06-25,web,1146
793,1,2019-02-01,231,Video Game Retailers,PH,2019-01-01 2020-06-25,web,1146
794,2,2019-03-01,272,Video Game Retailers,PH,2019-01-01 2020-06-25,web,1146
795,3,2019-04-01,211,Video Game Retailers,PH,2019-01-01 2020-06-25,web,1146
796,4,2019-05-01,231,Video Game Retailers,PH,2019-01-01 2020-06-25,web,1146
797,5,2019-06-01,322,Video Game Retailers,PH,2019-01-01 2020-06-25,web,1146
798,6,2019-07-01,277,Video Game Retailers,PH,2019-01-01 2020-06-25,web,1146
799,7,2019-08-01,302,Video Game Retailers,PH,2019-01-01 2020-06-25,web,1146
800,8,2019-09-01,286,Video Game Retailers,PH,2019-01-01 2020-06-25,web,1146
801,9,2019-10-01,216,Video Game Retailers,PH,2019-01-01 2020-06-25,web,1146
802,10,2019-11-01,278,Video Game Retailers,PH,2019-01-01 2020-06-25,web,1146
803,11,2019-12-01,243,Video Game Retailers,PH,2019-01-01 2020-06-25,web,1146
804,12,2020-01-01,231,Video Game Retailers,PH,2019-01-01 2020-06-25,web,1146
805,13,2020-02-01,273,Video Game Retailers,PH,2019-01-01 2020-06-25,web,1146
806,14,2020-03-01,316,Video Game Retailers,PH,2019-01-01 2020-06-25,web,1146
807,15,2020-04-01,306,Video Game Retailers,PH,2019-01-01 2020-06-25,web,1146
808,16,2020-05-01,329,Video Game Retailers,PH,2019-01-01 2020-06-25,web,1146
809,17,2020-06-01,230,Video Game Retailers,PH,2019-01-01 2020-06-25,web,1146
810,0,2019-01-01,234,Women's Clothing,PH,2019-01-01 2020-06-25,web,997
811,1,2019-02-01,273,Women's Clothing,PH,2019-01-01 2020-06-25,web,997
812,2,2019-03-01,362,Women's Clothing,PH,2019-01-01 2020-06-25,web,997
813,3,2019-04-01,212,Women's Clothing,PH,2019-01-01 2020-06-25,web,997
814,4,2019-05-01,217,Women's Clothing,PH,2019-01-01 2020-06-25,web,997
815,5,2019-06-01,276,Women's Clothing,PH,2019-01-01 2020-06-25,web,997
816,6,2019-07-01,248,Women's Clothing,PH,2019-01-01 2020-06-25,web,997
817,7,2019-08-01,244,Women's Clothing,PH,2019-01-01 2020-06-25,web,997
818,8,2019-09-01,321,Women's Clothing,PH,2019-01-01 2020-06-25,web,997
819,9,2019-10-01,256,Women's Clothing,PH,2019-01-01 2020-06-25,web,997
820,10,2019-11-01,304,Women's Clothing,PH,2019-01-01 2020-06-25,web,997
821,11,2019-12-01,381,Women's Clothing,PH,2019-01-01 2020-06-25,web,997
822,12,2020-01-01,252,Women's Clothing,PH,2019-01-01 2020-06-25,web,997
823,13,2020-02-01,249,Women's Clothing,PH,2019-01-01 2020-06-25,web,997
824,14,2020-03-01,194,Women's Clothing,PH,2019-01-01 2020-06-25,web,997
825,15,2020-04-01,108,Women's Clothing,PH,2019-01-01 2020-06-25,web,997
826,16,2020-05-01,163,Women's Clothing,PH,2019-01-01 2020-06-25,web,997
827,17,2020-06-01,117,Women's Clothing,PH,2019-01-01 2020-06-25,web,997
