,index,date,hits,keyword,geo,time,gprop,category
0,0,2019-01-01,234,Alcoholic Beverages,PH,2019-01-01 2020-02-02,web,277
1,1,2019-02-01,247,Alcoholic Beverages,PH,2019-01-01 2020-02-02,web,277
2,2,2019-03-01,282,Alcoholic Beverages,PH,2019-01-01 2020-02-02,web,277
3,3,2019-04-01,217,Alcoholic Beverages,PH,2019-01-01 2020-02-02,web,277
4,4,2019-05-01,250,Alcoholic Beverages,PH,2019-01-01 2020-02-02,web,277
5,5,2019-06-01,319,Alcoholic Beverages,PH,2019-01-01 2020-02-02,web,277
6,6,2019-07-01,262,Alcoholic Beverages,PH,2019-01-01 2020-02-02,web,277
7,7,2019-08-01,255,Alcoholic Beverages,PH,2019-01-01 2020-02-02,web,277
8,8,2019-09-01,314,Alcoholic Beverages,PH,2019-01-01 2020-02-02,web,277
9,9,2019-10-01,251,Alcoholic Beverages,PH,2019-01-01 2020-02-02,web,277
10,10,2019-11-01,263,Alcoholic Beverages,PH,2019-01-01 2020-02-02,web,277
11,11,2019-12-01,415,Alcoholic Beverages,PH,2019-01-01 2020-02-02,web,277
12,12,2020-01-01,294,Alcoholic Beverages,PH,2019-01-01 2020-02-02,web,277
13,13,2020-02-01,72,Alcoholic Beverages,PH,2019-01-01 2020-02-02,web,277
14,0,2019-01-01,251,Apparel,PH,2019-01-01 2020-02-02,web,68
15,1,2019-02-01,267,Apparel,PH,2019-01-01 2020-02-02,web,68
16,2,2019-03-01,334,Apparel,PH,2019-01-01 2020-02-02,web,68
17,3,2019-04-01,233,Apparel,PH,2019-01-01 2020-02-02,web,68
18,4,2019-05-01,251,Apparel,PH,2019-01-01 2020-02-02,web,68
19,5,2019-06-01,330,Apparel,PH,2019-01-01 2020-02-02,web,68
20,6,2019-07-01,290,Apparel,PH,2019-01-01 2020-02-02,web,68
21,7,2019-08-01,281,Apparel,PH,2019-01-01 2020-02-02,web,68
22,8,2019-09-01,350,Apparel,PH,2019-01-01 2020-02-02,web,68
23,9,2019-10-01,302,Apparel,PH,2019-01-01 2020-02-02,web,68
24,10,2019-11-01,332,Apparel,PH,2019-01-01 2020-02-02,web,68
25,11,2019-12-01,438,Apparel,PH,2019-01-01 2020-02-02,web,68
26,12,2020-01-01,282,Apparel,PH,2019-01-01 2020-02-02,web,68
27,13,2020-02-01,69,Apparel,PH,2019-01-01 2020-02-02,web,68
28,0,2019-01-01,296,Apparel Services,PH,2019-01-01 2020-02-02,web,1228
29,1,2019-02-01,295,Apparel Services,PH,2019-01-01 2020-02-02,web,1228
30,2,2019-03-01,383,Apparel Services,PH,2019-01-01 2020-02-02,web,1228
31,3,2019-04-01,270,Apparel Services,PH,2019-01-01 2020-02-02,web,1228
32,4,2019-05-01,280,Apparel Services,PH,2019-01-01 2020-02-02,web,1228
33,5,2019-06-01,437,Apparel Services,PH,2019-01-01 2020-02-02,web,1228
34,6,2019-07-01,339,Apparel Services,PH,2019-01-01 2020-02-02,web,1228
35,7,2019-08-01,291,Apparel Services,PH,2019-01-01 2020-02-02,web,1228
36,8,2019-09-01,363,Apparel Services,PH,2019-01-01 2020-02-02,web,1228
37,9,2019-10-01,294,Apparel Services,PH,2019-01-01 2020-02-02,web,1228
38,10,2019-11-01,302,Apparel Services,PH,2019-01-01 2020-02-02,web,1228
39,11,2019-12-01,373,Apparel Services,PH,2019-01-01 2020-02-02,web,1228
40,12,2020-01-01,279,Apparel Services,PH,2019-01-01 2020-02-02,web,1228
41,13,2020-02-01,67,Apparel Services,PH,2019-01-01 2020-02-02,web,1228
42,0,2019-01-01,213,Athletic Apparel,PH,2019-01-01 2020-02-02,web,983
43,1,2019-02-01,226,Athletic Apparel,PH,2019-01-01 2020-02-02,web,983
44,2,2019-03-01,264,Athletic Apparel,PH,2019-01-01 2020-02-02,web,983
45,3,2019-04-01,202,Athletic Apparel,PH,2019-01-01 2020-02-02,web,983
46,4,2019-05-01,207,Athletic Apparel,PH,2019-01-01 2020-02-02,web,983
47,5,2019-06-01,286,Athletic Apparel,PH,2019-01-01 2020-02-02,web,983
48,6,2019-07-01,233,Athletic Apparel,PH,2019-01-01 2020-02-02,web,983
49,7,2019-08-01,254,Athletic Apparel,PH,2019-01-01 2020-02-02,web,983
50,8,2019-09-01,297,Athletic Apparel,PH,2019-01-01 2020-02-02,web,983
51,9,2019-10-01,261,Athletic Apparel,PH,2019-01-01 2020-02-02,web,983
52,10,2019-11-01,286,Athletic Apparel,PH,2019-01-01 2020-02-02,web,983
53,11,2019-12-01,438,Athletic Apparel,PH,2019-01-01 2020-02-02,web,983
54,12,2020-01-01,306,Athletic Apparel,PH,2019-01-01 2020-02-02,web,983
55,13,2020-02-01,83,Athletic Apparel,PH,2019-01-01 2020-02-02,web,983
56,0,2019-01-01,329,Baked Goods,PH,2019-01-01 2020-02-02,web,907
57,1,2019-02-01,341,Baked Goods,PH,2019-01-01 2020-02-02,web,907
58,2,2019-03-01,396,Baked Goods,PH,2019-01-01 2020-02-02,web,907
59,3,2019-04-01,273,Baked Goods,PH,2019-01-01 2020-02-02,web,907
60,4,2019-05-01,286,Baked Goods,PH,2019-01-01 2020-02-02,web,907
61,5,2019-06-01,412,Baked Goods,PH,2019-01-01 2020-02-02,web,907
62,6,2019-07-01,369,Baked Goods,PH,2019-01-01 2020-02-02,web,907
63,7,2019-08-01,362,Baked Goods,PH,2019-01-01 2020-02-02,web,907
64,8,2019-09-01,450,Baked Goods,PH,2019-01-01 2020-02-02,web,907
65,9,2019-10-01,341,Baked Goods,PH,2019-01-01 2020-02-02,web,907
66,10,2019-11-01,345,Baked Goods,PH,2019-01-01 2020-02-02,web,907
67,11,2019-12-01,459,Baked Goods,PH,2019-01-01 2020-02-02,web,907
68,12,2020-01-01,326,Baked Goods,PH,2019-01-01 2020-02-02,web,907
69,13,2020-02-01,87,Baked Goods,PH,2019-01-01 2020-02-02,web,907
70,0,2019-01-01,296,Banking,PH,2019-01-01 2020-02-02,web,37
71,1,2019-02-01,287,Banking,PH,2019-01-01 2020-02-02,web,37
72,2,2019-03-01,374,Banking,PH,2019-01-01 2020-02-02,web,37
73,3,2019-04-01,333,Banking,PH,2019-01-01 2020-02-02,web,37
74,4,2019-05-01,322,Banking,PH,2019-01-01 2020-02-02,web,37
75,5,2019-06-01,419,Banking,PH,2019-01-01 2020-02-02,web,37
76,6,2019-07-01,334,Banking,PH,2019-01-01 2020-02-02,web,37
77,7,2019-08-01,333,Banking,PH,2019-01-01 2020-02-02,web,37
78,8,2019-09-01,402,Banking,PH,2019-01-01 2020-02-02,web,37
79,9,2019-10-01,307,Banking,PH,2019-01-01 2020-02-02,web,37
80,10,2019-11-01,324,Banking,PH,2019-01-01 2020-02-02,web,37
81,11,2019-12-01,423,Banking,PH,2019-01-01 2020-02-02,web,37
82,12,2020-01-01,326,Banking,PH,2019-01-01 2020-02-02,web,37
83,13,2020-02-01,76,Banking,PH,2019-01-01 2020-02-02,web,37
84,0,2019-01-01,275,Bathroom,PH,2019-01-01 2020-02-02,web,1365
85,1,2019-02-01,288,Bathroom,PH,2019-01-01 2020-02-02,web,1365
86,2,2019-03-01,398,Bathroom,PH,2019-01-01 2020-02-02,web,1365
87,3,2019-04-01,279,Bathroom,PH,2019-01-01 2020-02-02,web,1365
88,4,2019-05-01,318,Bathroom,PH,2019-01-01 2020-02-02,web,1365
89,5,2019-06-01,419,Bathroom,PH,2019-01-01 2020-02-02,web,1365
90,6,2019-07-01,365,Bathroom,PH,2019-01-01 2020-02-02,web,1365
91,7,2019-08-01,328,Bathroom,PH,2019-01-01 2020-02-02,web,1365
92,8,2019-09-01,408,Bathroom,PH,2019-01-01 2020-02-02,web,1365
93,9,2019-10-01,301,Bathroom,PH,2019-01-01 2020-02-02,web,1365
94,10,2019-11-01,331,Bathroom,PH,2019-01-01 2020-02-02,web,1365
95,11,2019-12-01,373,Bathroom,PH,2019-01-01 2020-02-02,web,1365
96,12,2020-01-01,353,Bathroom,PH,2019-01-01 2020-02-02,web,1365
97,13,2020-02-01,94,Bathroom,PH,2019-01-01 2020-02-02,web,1365
98,0,2019-01-01,290,Beauty & Fitness,PH,2019-01-01 2020-02-02,web,44
99,1,2019-02-01,297,Beauty & Fitness,PH,2019-01-01 2020-02-02,web,44
100,2,2019-03-01,376,Beauty & Fitness,PH,2019-01-01 2020-02-02,web,44
101,3,2019-04-01,300,Beauty & Fitness,PH,2019-01-01 2020-02-02,web,44
102,4,2019-05-01,296,Beauty & Fitness,PH,2019-01-01 2020-02-02,web,44
103,5,2019-06-01,401,Beauty & Fitness,PH,2019-01-01 2020-02-02,web,44
104,6,2019-07-01,325,Beauty & Fitness,PH,2019-01-01 2020-02-02,web,44
105,7,2019-08-01,311,Beauty & Fitness,PH,2019-01-01 2020-02-02,web,44
106,8,2019-09-01,366,Beauty & Fitness,PH,2019-01-01 2020-02-02,web,44
107,9,2019-10-01,289,Beauty & Fitness,PH,2019-01-01 2020-02-02,web,44
108,10,2019-11-01,296,Beauty & Fitness,PH,2019-01-01 2020-02-02,web,44
109,11,2019-12-01,414,Beauty & Fitness,PH,2019-01-01 2020-02-02,web,44
110,12,2020-01-01,297,Beauty & Fitness,PH,2019-01-01 2020-02-02,web,44
111,13,2020-02-01,71,Beauty & Fitness,PH,2019-01-01 2020-02-02,web,44
112,0,2019-01-01,299,Bed & Bath,PH,2019-01-01 2020-02-02,web,948
113,1,2019-02-01,321,Bed & Bath,PH,2019-01-01 2020-02-02,web,948
114,2,2019-03-01,412,Bed & Bath,PH,2019-01-01 2020-02-02,web,948
115,3,2019-04-01,294,Bed & Bath,PH,2019-01-01 2020-02-02,web,948
116,4,2019-05-01,340,Bed & Bath,PH,2019-01-01 2020-02-02,web,948
117,5,2019-06-01,437,Bed & Bath,PH,2019-01-01 2020-02-02,web,948
118,6,2019-07-01,379,Bed & Bath,PH,2019-01-01 2020-02-02,web,948
119,7,2019-08-01,359,Bed & Bath,PH,2019-01-01 2020-02-02,web,948
120,8,2019-09-01,411,Bed & Bath,PH,2019-01-01 2020-02-02,web,948
121,9,2019-10-01,316,Bed & Bath,PH,2019-01-01 2020-02-02,web,948
122,10,2019-11-01,353,Bed & Bath,PH,2019-01-01 2020-02-02,web,948
123,11,2019-12-01,409,Bed & Bath,PH,2019-01-01 2020-02-02,web,948
124,12,2020-01-01,343,Bed & Bath,PH,2019-01-01 2020-02-02,web,948
125,13,2020-02-01,80,Bed & Bath,PH,2019-01-01 2020-02-02,web,948
126,0,2019-01-01,294,Bedroom,PH,2019-01-01 2020-02-02,web,1366
127,1,2019-02-01,319,Bedroom,PH,2019-01-01 2020-02-02,web,1366
128,2,2019-03-01,374,Bedroom,PH,2019-01-01 2020-02-02,web,1366
129,3,2019-04-01,287,Bedroom,PH,2019-01-01 2020-02-02,web,1366
130,4,2019-05-01,319,Bedroom,PH,2019-01-01 2020-02-02,web,1366
131,5,2019-06-01,429,Bedroom,PH,2019-01-01 2020-02-02,web,1366
132,6,2019-07-01,368,Bedroom,PH,2019-01-01 2020-02-02,web,1366
133,7,2019-08-01,344,Bedroom,PH,2019-01-01 2020-02-02,web,1366
134,8,2019-09-01,404,Bedroom,PH,2019-01-01 2020-02-02,web,1366
135,9,2019-10-01,313,Bedroom,PH,2019-01-01 2020-02-02,web,1366
136,10,2019-11-01,335,Bedroom,PH,2019-01-01 2020-02-02,web,1366
137,11,2019-12-01,418,Bedroom,PH,2019-01-01 2020-02-02,web,1366
138,12,2020-01-01,329,Bedroom,PH,2019-01-01 2020-02-02,web,1366
139,13,2020-02-01,81,Bedroom,PH,2019-01-01 2020-02-02,web,1366
140,0,2019-01-01,273,Camera & Photo Equipment,PH,2019-01-01 2020-02-02,web,573
141,1,2019-02-01,283,Camera & Photo Equipment,PH,2019-01-01 2020-02-02,web,573
142,2,2019-03-01,360,Camera & Photo Equipment,PH,2019-01-01 2020-02-02,web,573
143,3,2019-04-01,319,Camera & Photo Equipment,PH,2019-01-01 2020-02-02,web,573
144,4,2019-05-01,269,Camera & Photo Equipment,PH,2019-01-01 2020-02-02,web,573
145,5,2019-06-01,343,Camera & Photo Equipment,PH,2019-01-01 2020-02-02,web,573
146,6,2019-07-01,287,Camera & Photo Equipment,PH,2019-01-01 2020-02-02,web,573
147,7,2019-08-01,295,Camera & Photo Equipment,PH,2019-01-01 2020-02-02,web,573
148,8,2019-09-01,368,Camera & Photo Equipment,PH,2019-01-01 2020-02-02,web,573
149,9,2019-10-01,284,Camera & Photo Equipment,PH,2019-01-01 2020-02-02,web,573
150,10,2019-11-01,291,Camera & Photo Equipment,PH,2019-01-01 2020-02-02,web,573
151,11,2019-12-01,390,Camera & Photo Equipment,PH,2019-01-01 2020-02-02,web,573
152,12,2020-01-01,286,Camera & Photo Equipment,PH,2019-01-01 2020-02-02,web,573
153,13,2020-02-01,70,Camera & Photo Equipment,PH,2019-01-01 2020-02-02,web,573
154,0,2019-01-01,4,Campaigns & Elections,PH,2019-01-01 2020-02-02,web,398
155,1,2019-02-01,8,Campaigns & Elections,PH,2019-01-01 2020-02-02,web,398
156,2,2019-03-01,10,Campaigns & Elections,PH,2019-01-01 2020-02-02,web,398
157,3,2019-04-01,8,Campaigns & Elections,PH,2019-01-01 2020-02-02,web,398
158,4,2019-05-01,118,Campaigns & Elections,PH,2019-01-01 2020-02-02,web,398
159,5,2019-06-01,5,Campaigns & Elections,PH,2019-01-01 2020-02-02,web,398
160,6,2019-07-01,5,Campaigns & Elections,PH,2019-01-01 2020-02-02,web,398
161,7,2019-08-01,4,Campaigns & Elections,PH,2019-01-01 2020-02-02,web,398
162,8,2019-09-01,6,Campaigns & Elections,PH,2019-01-01 2020-02-02,web,398
163,9,2019-10-01,4,Campaigns & Elections,PH,2019-01-01 2020-02-02,web,398
164,10,2019-11-01,5,Campaigns & Elections,PH,2019-01-01 2020-02-02,web,398
165,11,2019-12-01,5,Campaigns & Elections,PH,2019-01-01 2020-02-02,web,398
166,12,2020-01-01,4,Campaigns & Elections,PH,2019-01-01 2020-02-02,web,398
167,13,2020-02-01,2,Campaigns & Elections,PH,2019-01-01 2020-02-02,web,398
168,0,2019-01-01,239,Campers & RVs,PH,2019-01-01 2020-02-02,web,1213
169,1,2019-02-01,273,Campers & RVs,PH,2019-01-01 2020-02-02,web,1213
170,2,2019-03-01,378,Campers & RVs,PH,2019-01-01 2020-02-02,web,1213
171,3,2019-04-01,290,Campers & RVs,PH,2019-01-01 2020-02-02,web,1213
172,4,2019-05-01,321,Campers & RVs,PH,2019-01-01 2020-02-02,web,1213
173,5,2019-06-01,435,Campers & RVs,PH,2019-01-01 2020-02-02,web,1213
174,6,2019-07-01,356,Campers & RVs,PH,2019-01-01 2020-02-02,web,1213
175,7,2019-08-01,340,Campers & RVs,PH,2019-01-01 2020-02-02,web,1213
176,8,2019-09-01,386,Campers & RVs,PH,2019-01-01 2020-02-02,web,1213
177,9,2019-10-01,281,Campers & RVs,PH,2019-01-01 2020-02-02,web,1213
178,10,2019-11-01,305,Campers & RVs,PH,2019-01-01 2020-02-02,web,1213
179,11,2019-12-01,424,Campers & RVs,PH,2019-01-01 2020-02-02,web,1213
180,12,2020-01-01,301,Campers & RVs,PH,2019-01-01 2020-02-02,web,1213
181,13,2020-02-01,59,Campers & RVs,PH,2019-01-01 2020-02-02,web,1213
182,0,2019-01-01,128,Cancer,PH,2019-01-01 2020-02-02,web,429
183,1,2019-02-01,141,Cancer,PH,2019-01-01 2020-02-02,web,429
184,2,2019-03-01,172,Cancer,PH,2019-01-01 2020-02-02,web,429
185,3,2019-04-01,114,Cancer,PH,2019-01-01 2020-02-02,web,429
186,4,2019-05-01,123,Cancer,PH,2019-01-01 2020-02-02,web,429
187,5,2019-06-01,174,Cancer,PH,2019-01-01 2020-02-02,web,429
188,6,2019-07-01,137,Cancer,PH,2019-01-01 2020-02-02,web,429
189,7,2019-08-01,163,Cancer,PH,2019-01-01 2020-02-02,web,429
190,8,2019-09-01,180,Cancer,PH,2019-01-01 2020-02-02,web,429
191,9,2019-10-01,196,Cancer,PH,2019-01-01 2020-02-02,web,429
192,10,2019-11-01,133,Cancer,PH,2019-01-01 2020-02-02,web,429
193,11,2019-12-01,225,Cancer,PH,2019-01-01 2020-02-02,web,429
194,12,2020-01-01,143,Cancer,PH,2019-01-01 2020-02-02,web,429
195,13,2020-02-01,34,Cancer,PH,2019-01-01 2020-02-02,web,429
196,0,2019-01-01,270,Candy & Sweets,PH,2019-01-01 2020-02-02,web,906
197,1,2019-02-01,328,Candy & Sweets,PH,2019-01-01 2020-02-02,web,906
198,2,2019-03-01,365,Candy & Sweets,PH,2019-01-01 2020-02-02,web,906
199,3,2019-04-01,257,Candy & Sweets,PH,2019-01-01 2020-02-02,web,906
200,4,2019-05-01,275,Candy & Sweets,PH,2019-01-01 2020-02-02,web,906
201,5,2019-06-01,392,Candy & Sweets,PH,2019-01-01 2020-02-02,web,906
202,6,2019-07-01,323,Candy & Sweets,PH,2019-01-01 2020-02-02,web,906
203,7,2019-08-01,308,Candy & Sweets,PH,2019-01-01 2020-02-02,web,906
204,8,2019-09-01,371,Candy & Sweets,PH,2019-01-01 2020-02-02,web,906
205,9,2019-10-01,302,Candy & Sweets,PH,2019-01-01 2020-02-02,web,906
206,10,2019-11-01,298,Candy & Sweets,PH,2019-01-01 2020-02-02,web,906
207,11,2019-12-01,377,Candy & Sweets,PH,2019-01-01 2020-02-02,web,906
208,12,2020-01-01,306,Candy & Sweets,PH,2019-01-01 2020-02-02,web,906
209,13,2020-02-01,86,Candy & Sweets,PH,2019-01-01 2020-02-02,web,906
210,0,2019-01-01,306,Car Electronics,PH,2019-01-01 2020-02-02,web,1188
211,1,2019-02-01,328,Car Electronics,PH,2019-01-01 2020-02-02,web,1188
212,2,2019-03-01,390,Car Electronics,PH,2019-01-01 2020-02-02,web,1188
213,3,2019-04-01,283,Car Electronics,PH,2019-01-01 2020-02-02,web,1188
214,4,2019-05-01,293,Car Electronics,PH,2019-01-01 2020-02-02,web,1188
215,5,2019-06-01,429,Car Electronics,PH,2019-01-01 2020-02-02,web,1188
216,6,2019-07-01,365,Car Electronics,PH,2019-01-01 2020-02-02,web,1188
217,7,2019-08-01,356,Car Electronics,PH,2019-01-01 2020-02-02,web,1188
218,8,2019-09-01,475,Car Electronics,PH,2019-01-01 2020-02-02,web,1188
219,9,2019-10-01,343,Car Electronics,PH,2019-01-01 2020-02-02,web,1188
220,10,2019-11-01,358,Car Electronics,PH,2019-01-01 2020-02-02,web,1188
221,11,2019-12-01,407,Car Electronics,PH,2019-01-01 2020-02-02,web,1188
222,12,2020-01-01,360,Car Electronics,PH,2019-01-01 2020-02-02,web,1188
223,13,2020-02-01,88,Car Electronics,PH,2019-01-01 2020-02-02,web,1188
224,0,2019-01-01,222,Casual Apparel,PH,2019-01-01 2020-02-02,web,984
225,1,2019-02-01,227,Casual Apparel,PH,2019-01-01 2020-02-02,web,984
226,2,2019-03-01,289,Casual Apparel,PH,2019-01-01 2020-02-02,web,984
227,3,2019-04-01,210,Casual Apparel,PH,2019-01-01 2020-02-02,web,984
228,4,2019-05-01,220,Casual Apparel,PH,2019-01-01 2020-02-02,web,984
229,5,2019-06-01,305,Casual Apparel,PH,2019-01-01 2020-02-02,web,984
230,6,2019-07-01,260,Casual Apparel,PH,2019-01-01 2020-02-02,web,984
231,7,2019-08-01,251,Casual Apparel,PH,2019-01-01 2020-02-02,web,984
232,8,2019-09-01,314,Casual Apparel,PH,2019-01-01 2020-02-02,web,984
233,9,2019-10-01,242,Casual Apparel,PH,2019-01-01 2020-02-02,web,984
234,10,2019-11-01,304,Casual Apparel,PH,2019-01-01 2020-02-02,web,984
235,11,2019-12-01,424,Casual Apparel,PH,2019-01-01 2020-02-02,web,984
236,12,2020-01-01,245,Casual Apparel,PH,2019-01-01 2020-02-02,web,984
237,13,2020-02-01,63,Casual Apparel,PH,2019-01-01 2020-02-02,web,984
238,0,2019-01-01,232,Children's Clothing,PH,2019-01-01 2020-02-02,web,985
239,1,2019-02-01,258,Children's Clothing,PH,2019-01-01 2020-02-02,web,985
240,2,2019-03-01,361,Children's Clothing,PH,2019-01-01 2020-02-02,web,985
241,3,2019-04-01,249,Children's Clothing,PH,2019-01-01 2020-02-02,web,985
242,4,2019-05-01,270,Children's Clothing,PH,2019-01-01 2020-02-02,web,985
243,5,2019-06-01,318,Children's Clothing,PH,2019-01-01 2020-02-02,web,985
244,6,2019-07-01,307,Children's Clothing,PH,2019-01-01 2020-02-02,web,985
245,7,2019-08-01,281,Children's Clothing,PH,2019-01-01 2020-02-02,web,985
246,8,2019-09-01,358,Children's Clothing,PH,2019-01-01 2020-02-02,web,985
247,9,2019-10-01,271,Children's Clothing,PH,2019-01-01 2020-02-02,web,985
248,10,2019-11-01,312,Children's Clothing,PH,2019-01-01 2020-02-02,web,985
249,11,2019-12-01,422,Children's Clothing,PH,2019-01-01 2020-02-02,web,985
250,12,2020-01-01,289,Children's Clothing,PH,2019-01-01 2020-02-02,web,985
251,13,2020-02-01,66,Children's Clothing,PH,2019-01-01 2020-02-02,web,985
252,0,2019-01-01,287,Clothing Accessories,PH,2019-01-01 2020-02-02,web,124
253,1,2019-02-01,290,Clothing Accessories,PH,2019-01-01 2020-02-02,web,124
254,2,2019-03-01,355,Clothing Accessories,PH,2019-01-01 2020-02-02,web,124
255,3,2019-04-01,269,Clothing Accessories,PH,2019-01-01 2020-02-02,web,124
256,4,2019-05-01,295,Clothing Accessories,PH,2019-01-01 2020-02-02,web,124
257,5,2019-06-01,379,Clothing Accessories,PH,2019-01-01 2020-02-02,web,124
258,6,2019-07-01,324,Clothing Accessories,PH,2019-01-01 2020-02-02,web,124
259,7,2019-08-01,321,Clothing Accessories,PH,2019-01-01 2020-02-02,web,124
260,8,2019-09-01,371,Clothing Accessories,PH,2019-01-01 2020-02-02,web,124
261,9,2019-10-01,296,Clothing Accessories,PH,2019-01-01 2020-02-02,web,124
262,10,2019-11-01,320,Clothing Accessories,PH,2019-01-01 2020-02-02,web,124
263,11,2019-12-01,445,Clothing Accessories,PH,2019-01-01 2020-02-02,web,124
264,12,2020-01-01,300,Clothing Accessories,PH,2019-01-01 2020-02-02,web,124
265,13,2020-02-01,70,Clothing Accessories,PH,2019-01-01 2020-02-02,web,124
266,0,2019-01-01,322,Coffee & Tea,PH,2019-01-01 2020-02-02,web,916
267,1,2019-02-01,321,Coffee & Tea,PH,2019-01-01 2020-02-02,web,916
268,2,2019-03-01,400,Coffee & Tea,PH,2019-01-01 2020-02-02,web,916
269,3,2019-04-01,314,Coffee & Tea,PH,2019-01-01 2020-02-02,web,916
270,4,2019-05-01,322,Coffee & Tea,PH,2019-01-01 2020-02-02,web,916
271,5,2019-06-01,439,Coffee & Tea,PH,2019-01-01 2020-02-02,web,916
272,6,2019-07-01,368,Coffee & Tea,PH,2019-01-01 2020-02-02,web,916
273,7,2019-08-01,358,Coffee & Tea,PH,2019-01-01 2020-02-02,web,916
274,8,2019-09-01,470,Coffee & Tea,PH,2019-01-01 2020-02-02,web,916
275,9,2019-10-01,346,Coffee & Tea,PH,2019-01-01 2020-02-02,web,916
276,10,2019-11-01,357,Coffee & Tea,PH,2019-01-01 2020-02-02,web,916
277,11,2019-12-01,422,Coffee & Tea,PH,2019-01-01 2020-02-02,web,916
278,12,2020-01-01,329,Coffee & Tea,PH,2019-01-01 2020-02-02,web,916
279,13,2020-02-01,81,Coffee & Tea,PH,2019-01-01 2020-02-02,web,916
280,0,2019-01-01,249,Commercial & Investment Real Estate,PH,2019-01-01 2020-02-02,web,1178
281,1,2019-02-01,315,Commercial & Investment Real Estate,PH,2019-01-01 2020-02-02,web,1178
282,2,2019-03-01,404,Commercial & Investment Real Estate,PH,2019-01-01 2020-02-02,web,1178
283,3,2019-04-01,359,Commercial & Investment Real Estate,PH,2019-01-01 2020-02-02,web,1178
284,4,2019-05-01,376,Commercial & Investment Real Estate,PH,2019-01-01 2020-02-02,web,1178
285,5,2019-06-01,430,Commercial & Investment Real Estate,PH,2019-01-01 2020-02-02,web,1178
286,6,2019-07-01,339,Commercial & Investment Real Estate,PH,2019-01-01 2020-02-02,web,1178
287,7,2019-08-01,317,Commercial & Investment Real Estate,PH,2019-01-01 2020-02-02,web,1178
288,8,2019-09-01,404,Commercial & Investment Real Estate,PH,2019-01-01 2020-02-02,web,1178
289,9,2019-10-01,285,Commercial & Investment Real Estate,PH,2019-01-01 2020-02-02,web,1178
290,10,2019-11-01,299,Commercial & Investment Real Estate,PH,2019-01-01 2020-02-02,web,1178
291,11,2019-12-01,347,Commercial & Investment Real Estate,PH,2019-01-01 2020-02-02,web,1178
292,12,2020-01-01,300,Commercial & Investment Real Estate,PH,2019-01-01 2020-02-02,web,1178
293,13,2020-02-01,74,Commercial & Investment Real Estate,PH,2019-01-01 2020-02-02,web,1178
294,0,2019-01-01,133,Cosmetology & Beauty Professionals,PH,2019-01-01 2020-02-02,web,147
295,1,2019-02-01,143,Cosmetology & Beauty Professionals,PH,2019-01-01 2020-02-02,web,147
296,2,2019-03-01,187,Cosmetology & Beauty Professionals,PH,2019-01-01 2020-02-02,web,147
297,3,2019-04-01,155,Cosmetology & Beauty Professionals,PH,2019-01-01 2020-02-02,web,147
298,4,2019-05-01,212,Cosmetology & Beauty Professionals,PH,2019-01-01 2020-02-02,web,147
299,5,2019-06-01,262,Cosmetology & Beauty Professionals,PH,2019-01-01 2020-02-02,web,147
300,6,2019-07-01,223,Cosmetology & Beauty Professionals,PH,2019-01-01 2020-02-02,web,147
301,7,2019-08-01,219,Cosmetology & Beauty Professionals,PH,2019-01-01 2020-02-02,web,147
302,8,2019-09-01,285,Cosmetology & Beauty Professionals,PH,2019-01-01 2020-02-02,web,147
303,9,2019-10-01,222,Cosmetology & Beauty Professionals,PH,2019-01-01 2020-02-02,web,147
304,10,2019-11-01,292,Cosmetology & Beauty Professionals,PH,2019-01-01 2020-02-02,web,147
305,11,2019-12-01,327,Cosmetology & Beauty Professionals,PH,2019-01-01 2020-02-02,web,147
306,12,2020-01-01,203,Cosmetology & Beauty Professionals,PH,2019-01-01 2020-02-02,web,147
307,13,2020-02-01,55,Cosmetology & Beauty Professionals,PH,2019-01-01 2020-02-02,web,147
308,0,2019-01-01,340,Drugs & Medications,PH,2019-01-01 2020-02-02,web,646
309,1,2019-02-01,338,Drugs & Medications,PH,2019-01-01 2020-02-02,web,646
310,2,2019-03-01,402,Drugs & Medications,PH,2019-01-01 2020-02-02,web,646
311,3,2019-04-01,303,Drugs & Medications,PH,2019-01-01 2020-02-02,web,646
312,4,2019-05-01,325,Drugs & Medications,PH,2019-01-01 2020-02-02,web,646
313,5,2019-06-01,418,Drugs & Medications,PH,2019-01-01 2020-02-02,web,646
314,6,2019-07-01,364,Drugs & Medications,PH,2019-01-01 2020-02-02,web,646
315,7,2019-08-01,363,Drugs & Medications,PH,2019-01-01 2020-02-02,web,646
316,8,2019-09-01,471,Drugs & Medications,PH,2019-01-01 2020-02-02,web,646
317,9,2019-10-01,373,Drugs & Medications,PH,2019-01-01 2020-02-02,web,646
318,10,2019-11-01,356,Drugs & Medications,PH,2019-01-01 2020-02-02,web,646
319,11,2019-12-01,424,Drugs & Medications,PH,2019-01-01 2020-02-02,web,646
320,12,2020-01-01,377,Drugs & Medications,PH,2019-01-01 2020-02-02,web,646
321,13,2020-02-01,99,Drugs & Medications,PH,2019-01-01 2020-02-02,web,646
322,0,2019-01-01,273,E-Commerce Services,PH,2019-01-01 2020-02-02,web,340
323,1,2019-02-01,288,E-Commerce Services,PH,2019-01-01 2020-02-02,web,340
324,2,2019-03-01,379,E-Commerce Services,PH,2019-01-01 2020-02-02,web,340
325,3,2019-04-01,306,E-Commerce Services,PH,2019-01-01 2020-02-02,web,340
326,4,2019-05-01,297,E-Commerce Services,PH,2019-01-01 2020-02-02,web,340
327,5,2019-06-01,438,E-Commerce Services,PH,2019-01-01 2020-02-02,web,340
328,6,2019-07-01,348,E-Commerce Services,PH,2019-01-01 2020-02-02,web,340
329,7,2019-08-01,334,E-Commerce Services,PH,2019-01-01 2020-02-02,web,340
330,8,2019-09-01,447,E-Commerce Services,PH,2019-01-01 2020-02-02,web,340
331,9,2019-10-01,338,E-Commerce Services,PH,2019-01-01 2020-02-02,web,340
332,10,2019-11-01,350,E-Commerce Services,PH,2019-01-01 2020-02-02,web,340
333,11,2019-12-01,409,E-Commerce Services,PH,2019-01-01 2020-02-02,web,340
334,12,2020-01-01,349,E-Commerce Services,PH,2019-01-01 2020-02-02,web,340
335,13,2020-02-01,92,E-Commerce Services,PH,2019-01-01 2020-02-02,web,340
336,0,2019-01-01,315,Electronic Accessories,PH,2019-01-01 2020-02-02,web,1192
337,1,2019-02-01,302,Electronic Accessories,PH,2019-01-01 2020-02-02,web,1192
338,2,2019-03-01,399,Electronic Accessories,PH,2019-01-01 2020-02-02,web,1192
339,3,2019-04-01,299,Electronic Accessories,PH,2019-01-01 2020-02-02,web,1192
340,4,2019-05-01,302,Electronic Accessories,PH,2019-01-01 2020-02-02,web,1192
341,5,2019-06-01,432,Electronic Accessories,PH,2019-01-01 2020-02-02,web,1192
342,6,2019-07-01,374,Electronic Accessories,PH,2019-01-01 2020-02-02,web,1192
343,7,2019-08-01,369,Electronic Accessories,PH,2019-01-01 2020-02-02,web,1192
344,8,2019-09-01,416,Electronic Accessories,PH,2019-01-01 2020-02-02,web,1192
345,9,2019-10-01,332,Electronic Accessories,PH,2019-01-01 2020-02-02,web,1192
346,10,2019-11-01,385,Electronic Accessories,PH,2019-01-01 2020-02-02,web,1192
347,11,2019-12-01,456,Electronic Accessories,PH,2019-01-01 2020-02-02,web,1192
348,12,2020-01-01,346,Electronic Accessories,PH,2019-01-01 2020-02-02,web,1192
349,13,2020-02-01,90,Electronic Accessories,PH,2019-01-01 2020-02-02,web,1192
350,0,2019-01-01,290,Electronic Components,PH,2019-01-01 2020-02-02,web,742
351,1,2019-02-01,296,Electronic Components,PH,2019-01-01 2020-02-02,web,742
352,2,2019-03-01,372,Electronic Components,PH,2019-01-01 2020-02-02,web,742
353,3,2019-04-01,231,Electronic Components,PH,2019-01-01 2020-02-02,web,742
354,4,2019-05-01,258,Electronic Components,PH,2019-01-01 2020-02-02,web,742
355,5,2019-06-01,318,Electronic Components,PH,2019-01-01 2020-02-02,web,742
356,6,2019-07-01,304,Electronic Components,PH,2019-01-01 2020-02-02,web,742
357,7,2019-08-01,316,Electronic Components,PH,2019-01-01 2020-02-02,web,742
358,8,2019-09-01,388,Electronic Components,PH,2019-01-01 2020-02-02,web,742
359,9,2019-10-01,327,Electronic Components,PH,2019-01-01 2020-02-02,web,742
360,10,2019-11-01,318,Electronic Components,PH,2019-01-01 2020-02-02,web,742
361,11,2019-12-01,318,Electronic Components,PH,2019-01-01 2020-02-02,web,742
362,12,2020-01-01,350,Electronic Components,PH,2019-01-01 2020-02-02,web,742
363,13,2020-02-01,100,Electronic Components,PH,2019-01-01 2020-02-02,web,742
364,0,2019-01-01,303,Electronics & Electrical,PH,2019-01-01 2020-02-02,web,434
365,1,2019-02-01,317,Electronics & Electrical,PH,2019-01-01 2020-02-02,web,434
366,2,2019-03-01,399,Electronics & Electrical,PH,2019-01-01 2020-02-02,web,434
367,3,2019-04-01,264,Electronics & Electrical,PH,2019-01-01 2020-02-02,web,434
368,4,2019-05-01,286,Electronics & Electrical,PH,2019-01-01 2020-02-02,web,434
369,5,2019-06-01,426,Electronics & Electrical,PH,2019-01-01 2020-02-02,web,434
370,6,2019-07-01,375,Electronics & Electrical,PH,2019-01-01 2020-02-02,web,434
371,7,2019-08-01,385,Electronics & Electrical,PH,2019-01-01 2020-02-02,web,434
372,8,2019-09-01,467,Electronics & Electrical,PH,2019-01-01 2020-02-02,web,434
373,9,2019-10-01,349,Electronics & Electrical,PH,2019-01-01 2020-02-02,web,434
374,10,2019-11-01,362,Electronics & Electrical,PH,2019-01-01 2020-02-02,web,434
375,11,2019-12-01,380,Electronics & Electrical,PH,2019-01-01 2020-02-02,web,434
376,12,2020-01-01,361,Electronics & Electrical,PH,2019-01-01 2020-02-02,web,434
377,13,2020-02-01,97,Electronics & Electrical,PH,2019-01-01 2020-02-02,web,434
378,0,2019-01-01,283,Fitness,PH,2019-01-01 2020-02-02,web,94
379,1,2019-02-01,310,Fitness,PH,2019-01-01 2020-02-02,web,94
380,2,2019-03-01,388,Fitness,PH,2019-01-01 2020-02-02,web,94
381,3,2019-04-01,287,Fitness,PH,2019-01-01 2020-02-02,web,94
382,4,2019-05-01,302,Fitness,PH,2019-01-01 2020-02-02,web,94
383,5,2019-06-01,461,Fitness,PH,2019-01-01 2020-02-02,web,94
384,6,2019-07-01,387,Fitness,PH,2019-01-01 2020-02-02,web,94
385,7,2019-08-01,352,Fitness,PH,2019-01-01 2020-02-02,web,94
386,8,2019-09-01,422,Fitness,PH,2019-01-01 2020-02-02,web,94
387,9,2019-10-01,307,Fitness,PH,2019-01-01 2020-02-02,web,94
388,10,2019-11-01,292,Fitness,PH,2019-01-01 2020-02-02,web,94
389,11,2019-12-01,320,Fitness,PH,2019-01-01 2020-02-02,web,94
390,12,2020-01-01,301,Fitness,PH,2019-01-01 2020-02-02,web,94
391,13,2020-02-01,81,Fitness,PH,2019-01-01 2020-02-02,web,94
392,0,2019-01-01,293,Food & Drink,PH,2019-01-01 2020-02-02,web,71
393,1,2019-02-01,311,Food & Drink,PH,2019-01-01 2020-02-02,web,71
394,2,2019-03-01,379,Food & Drink,PH,2019-01-01 2020-02-02,web,71
395,3,2019-04-01,287,Food & Drink,PH,2019-01-01 2020-02-02,web,71
396,4,2019-05-01,301,Food & Drink,PH,2019-01-01 2020-02-02,web,71
397,5,2019-06-01,413,Food & Drink,PH,2019-01-01 2020-02-02,web,71
398,6,2019-07-01,369,Food & Drink,PH,2019-01-01 2020-02-02,web,71
399,7,2019-08-01,344,Food & Drink,PH,2019-01-01 2020-02-02,web,71
400,8,2019-09-01,411,Food & Drink,PH,2019-01-01 2020-02-02,web,71
401,9,2019-10-01,314,Food & Drink,PH,2019-01-01 2020-02-02,web,71
402,10,2019-11-01,333,Food & Drink,PH,2019-01-01 2020-02-02,web,71
403,11,2019-12-01,443,Food & Drink,PH,2019-01-01 2020-02-02,web,71
404,12,2020-01-01,323,Food & Drink,PH,2019-01-01 2020-02-02,web,71
405,13,2020-02-01,83,Food & Drink,PH,2019-01-01 2020-02-02,web,71
406,0,2019-01-01,286,Food Production,PH,2019-01-01 2020-02-02,web,621
407,1,2019-02-01,302,Food Production,PH,2019-01-01 2020-02-02,web,621
408,2,2019-03-01,369,Food Production,PH,2019-01-01 2020-02-02,web,621
409,3,2019-04-01,242,Food Production,PH,2019-01-01 2020-02-02,web,621
410,4,2019-05-01,227,Food Production,PH,2019-01-01 2020-02-02,web,621
411,5,2019-06-01,384,Food Production,PH,2019-01-01 2020-02-02,web,621
412,6,2019-07-01,349,Food Production,PH,2019-01-01 2020-02-02,web,621
413,7,2019-08-01,335,Food Production,PH,2019-01-01 2020-02-02,web,621
414,8,2019-09-01,448,Food Production,PH,2019-01-01 2020-02-02,web,621
415,9,2019-10-01,280,Food Production,PH,2019-01-01 2020-02-02,web,621
416,10,2019-11-01,321,Food Production,PH,2019-01-01 2020-02-02,web,621
417,11,2019-12-01,285,Food Production,PH,2019-01-01 2020-02-02,web,621
418,12,2020-01-01,311,Food Production,PH,2019-01-01 2020-02-02,web,621
419,13,2020-02-01,95,Food Production,PH,2019-01-01 2020-02-02,web,621
420,0,2019-01-01,356,Food Service,PH,2019-01-01 2020-02-02,web,957
421,1,2019-02-01,381,Food Service,PH,2019-01-01 2020-02-02,web,957
422,2,2019-03-01,468,Food Service,PH,2019-01-01 2020-02-02,web,957
423,3,2019-04-01,345,Food Service,PH,2019-01-01 2020-02-02,web,957
424,4,2019-05-01,358,Food Service,PH,2019-01-01 2020-02-02,web,957
425,5,2019-06-01,427,Food Service,PH,2019-01-01 2020-02-02,web,957
426,6,2019-07-01,348,Food Service,PH,2019-01-01 2020-02-02,web,957
427,7,2019-08-01,369,Food Service,PH,2019-01-01 2020-02-02,web,957
428,8,2019-09-01,443,Food Service,PH,2019-01-01 2020-02-02,web,957
429,9,2019-10-01,362,Food Service,PH,2019-01-01 2020-02-02,web,957
430,10,2019-11-01,355,Food Service,PH,2019-01-01 2020-02-02,web,957
431,11,2019-12-01,464,Food Service,PH,2019-01-01 2020-02-02,web,957
432,12,2020-01-01,315,Food Service,PH,2019-01-01 2020-02-02,web,957
433,13,2020-02-01,77,Food Service,PH,2019-01-01 2020-02-02,web,957
434,0,2019-01-01,217,Fruits & Vegetables,PH,2019-01-01 2020-02-02,web,908
435,1,2019-02-01,233,Fruits & Vegetables,PH,2019-01-01 2020-02-02,web,908
436,2,2019-03-01,246,Fruits & Vegetables,PH,2019-01-01 2020-02-02,web,908
437,3,2019-04-01,196,Fruits & Vegetables,PH,2019-01-01 2020-02-02,web,908
438,4,2019-05-01,169,Fruits & Vegetables,PH,2019-01-01 2020-02-02,web,908
439,5,2019-06-01,393,Fruits & Vegetables,PH,2019-01-01 2020-02-02,web,908
440,6,2019-07-01,378,Fruits & Vegetables,PH,2019-01-01 2020-02-02,web,908
441,7,2019-08-01,266,Fruits & Vegetables,PH,2019-01-01 2020-02-02,web,908
442,8,2019-09-01,326,Fruits & Vegetables,PH,2019-01-01 2020-02-02,web,908
443,9,2019-10-01,212,Fruits & Vegetables,PH,2019-01-01 2020-02-02,web,908
444,10,2019-11-01,231,Fruits & Vegetables,PH,2019-01-01 2020-02-02,web,908
445,11,2019-12-01,236,Fruits & Vegetables,PH,2019-01-01 2020-02-02,web,908
446,12,2020-01-01,225,Fruits & Vegetables,PH,2019-01-01 2020-02-02,web,908
447,13,2020-02-01,59,Fruits & Vegetables,PH,2019-01-01 2020-02-02,web,908
448,0,2019-01-01,261,Grocery & Food Retailers,PH,2019-01-01 2020-02-02,web,121
449,1,2019-02-01,291,Grocery & Food Retailers,PH,2019-01-01 2020-02-02,web,121
450,2,2019-03-01,372,Grocery & Food Retailers,PH,2019-01-01 2020-02-02,web,121
451,3,2019-04-01,302,Grocery & Food Retailers,PH,2019-01-01 2020-02-02,web,121
452,4,2019-05-01,306,Grocery & Food Retailers,PH,2019-01-01 2020-02-02,web,121
453,5,2019-06-01,404,Grocery & Food Retailers,PH,2019-01-01 2020-02-02,web,121
454,6,2019-07-01,364,Grocery & Food Retailers,PH,2019-01-01 2020-02-02,web,121
455,7,2019-08-01,330,Grocery & Food Retailers,PH,2019-01-01 2020-02-02,web,121
456,8,2019-09-01,422,Grocery & Food Retailers,PH,2019-01-01 2020-02-02,web,121
457,9,2019-10-01,358,Grocery & Food Retailers,PH,2019-01-01 2020-02-02,web,121
458,10,2019-11-01,329,Grocery & Food Retailers,PH,2019-01-01 2020-02-02,web,121
459,11,2019-12-01,408,Grocery & Food Retailers,PH,2019-01-01 2020-02-02,web,121
460,12,2020-01-01,333,Grocery & Food Retailers,PH,2019-01-01 2020-02-02,web,121
461,13,2020-02-01,82,Grocery & Food Retailers,PH,2019-01-01 2020-02-02,web,121
462,0,2019-01-01,260,Home Furnishings,PH,2019-01-01 2020-02-02,web,270
463,1,2019-02-01,282,Home Furnishings,PH,2019-01-01 2020-02-02,web,270
464,2,2019-03-01,366,Home Furnishings,PH,2019-01-01 2020-02-02,web,270
465,3,2019-04-01,271,Home Furnishings,PH,2019-01-01 2020-02-02,web,270
466,4,2019-05-01,292,Home Furnishings,PH,2019-01-01 2020-02-02,web,270
467,5,2019-06-01,383,Home Furnishings,PH,2019-01-01 2020-02-02,web,270
468,6,2019-07-01,334,Home Furnishings,PH,2019-01-01 2020-02-02,web,270
469,7,2019-08-01,310,Home Furnishings,PH,2019-01-01 2020-02-02,web,270
470,8,2019-09-01,374,Home Furnishings,PH,2019-01-01 2020-02-02,web,270
471,9,2019-10-01,288,Home Furnishings,PH,2019-01-01 2020-02-02,web,270
472,10,2019-11-01,309,Home Furnishings,PH,2019-01-01 2020-02-02,web,270
473,11,2019-12-01,371,Home Furnishings,PH,2019-01-01 2020-02-02,web,270
474,12,2020-01-01,331,Home Furnishings,PH,2019-01-01 2020-02-02,web,270
475,13,2020-02-01,77,Home Furnishings,PH,2019-01-01 2020-02-02,web,270
476,0,2019-01-01,301,Hotels & Accommodations,PH,2019-01-01 2020-02-02,web,179
477,1,2019-02-01,323,Hotels & Accommodations,PH,2019-01-01 2020-02-02,web,179
478,2,2019-03-01,442,Hotels & Accommodations,PH,2019-01-01 2020-02-02,web,179
479,3,2019-04-01,392,Hotels & Accommodations,PH,2019-01-01 2020-02-02,web,179
480,4,2019-05-01,361,Hotels & Accommodations,PH,2019-01-01 2020-02-02,web,179
481,5,2019-06-01,431,Hotels & Accommodations,PH,2019-01-01 2020-02-02,web,179
482,6,2019-07-01,359,Hotels & Accommodations,PH,2019-01-01 2020-02-02,web,179
483,7,2019-08-01,341,Hotels & Accommodations,PH,2019-01-01 2020-02-02,web,179
484,8,2019-09-01,410,Hotels & Accommodations,PH,2019-01-01 2020-02-02,web,179
485,9,2019-10-01,324,Hotels & Accommodations,PH,2019-01-01 2020-02-02,web,179
486,10,2019-11-01,351,Hotels & Accommodations,PH,2019-01-01 2020-02-02,web,179
487,11,2019-12-01,423,Hotels & Accommodations,PH,2019-01-01 2020-02-02,web,179
488,12,2020-01-01,315,Hotels & Accommodations,PH,2019-01-01 2020-02-02,web,179
489,13,2020-02-01,74,Hotels & Accommodations,PH,2019-01-01 2020-02-02,web,179
490,0,2019-01-01,265,Kitchen & Dining,PH,2019-01-01 2020-02-02,web,951
491,1,2019-02-01,277,Kitchen & Dining,PH,2019-01-01 2020-02-02,web,951
492,2,2019-03-01,322,Kitchen & Dining,PH,2019-01-01 2020-02-02,web,951
493,3,2019-04-01,237,Kitchen & Dining,PH,2019-01-01 2020-02-02,web,951
494,4,2019-05-01,270,Kitchen & Dining,PH,2019-01-01 2020-02-02,web,951
495,5,2019-06-01,468,Kitchen & Dining,PH,2019-01-01 2020-02-02,web,951
496,6,2019-07-01,344,Kitchen & Dining,PH,2019-01-01 2020-02-02,web,951
497,7,2019-08-01,320,Kitchen & Dining,PH,2019-01-01 2020-02-02,web,951
498,8,2019-09-01,375,Kitchen & Dining,PH,2019-01-01 2020-02-02,web,951
499,9,2019-10-01,280,Kitchen & Dining,PH,2019-01-01 2020-02-02,web,951
500,10,2019-11-01,306,Kitchen & Dining,PH,2019-01-01 2020-02-02,web,951
501,11,2019-12-01,381,Kitchen & Dining,PH,2019-01-01 2020-02-02,web,951
502,12,2020-01-01,300,Kitchen & Dining,PH,2019-01-01 2020-02-02,web,951
503,13,2020-02-01,72,Kitchen & Dining,PH,2019-01-01 2020-02-02,web,951
504,0,2019-01-01,268,Major Kitchen Appliances,PH,2019-01-01 2020-02-02,web,1293
505,1,2019-02-01,290,Major Kitchen Appliances,PH,2019-01-01 2020-02-02,web,1293
506,2,2019-03-01,391,Major Kitchen Appliances,PH,2019-01-01 2020-02-02,web,1293
507,3,2019-04-01,309,Major Kitchen Appliances,PH,2019-01-01 2020-02-02,web,1293
508,4,2019-05-01,312,Major Kitchen Appliances,PH,2019-01-01 2020-02-02,web,1293
509,5,2019-06-01,438,Major Kitchen Appliances,PH,2019-01-01 2020-02-02,web,1293
510,6,2019-07-01,354,Major Kitchen Appliances,PH,2019-01-01 2020-02-02,web,1293
511,7,2019-08-01,332,Major Kitchen Appliances,PH,2019-01-01 2020-02-02,web,1293
512,8,2019-09-01,393,Major Kitchen Appliances,PH,2019-01-01 2020-02-02,web,1293
513,9,2019-10-01,317,Major Kitchen Appliances,PH,2019-01-01 2020-02-02,web,1293
514,10,2019-11-01,351,Major Kitchen Appliances,PH,2019-01-01 2020-02-02,web,1293
515,11,2019-12-01,462,Major Kitchen Appliances,PH,2019-01-01 2020-02-02,web,1293
516,12,2020-01-01,301,Major Kitchen Appliances,PH,2019-01-01 2020-02-02,web,1293
517,13,2020-02-01,77,Major Kitchen Appliances,PH,2019-01-01 2020-02-02,web,1293
518,0,2019-01-01,274,Meat & Seafood,PH,2019-01-01 2020-02-02,web,909
519,1,2019-02-01,293,Meat & Seafood,PH,2019-01-01 2020-02-02,web,909
520,2,2019-03-01,346,Meat & Seafood,PH,2019-01-01 2020-02-02,web,909
521,3,2019-04-01,249,Meat & Seafood,PH,2019-01-01 2020-02-02,web,909
522,4,2019-05-01,256,Meat & Seafood,PH,2019-01-01 2020-02-02,web,909
523,5,2019-06-01,358,Meat & Seafood,PH,2019-01-01 2020-02-02,web,909
524,6,2019-07-01,314,Meat & Seafood,PH,2019-01-01 2020-02-02,web,909
525,7,2019-08-01,304,Meat & Seafood,PH,2019-01-01 2020-02-02,web,909
526,8,2019-09-01,373,Meat & Seafood,PH,2019-01-01 2020-02-02,web,909
527,9,2019-10-01,286,Meat & Seafood,PH,2019-01-01 2020-02-02,web,909
528,10,2019-11-01,306,Meat & Seafood,PH,2019-01-01 2020-02-02,web,909
529,11,2019-12-01,416,Meat & Seafood,PH,2019-01-01 2020-02-02,web,909
530,12,2020-01-01,305,Meat & Seafood,PH,2019-01-01 2020-02-02,web,909
531,13,2020-02-01,87,Meat & Seafood,PH,2019-01-01 2020-02-02,web,909
532,0,2019-01-01,250,Men's Clothing,PH,2019-01-01 2020-02-02,web,992
533,1,2019-02-01,318,Men's Clothing,PH,2019-01-01 2020-02-02,web,992
534,2,2019-03-01,335,Men's Clothing,PH,2019-01-01 2020-02-02,web,992
535,3,2019-04-01,211,Men's Clothing,PH,2019-01-01 2020-02-02,web,992
536,4,2019-05-01,251,Men's Clothing,PH,2019-01-01 2020-02-02,web,992
537,5,2019-06-01,311,Men's Clothing,PH,2019-01-01 2020-02-02,web,992
538,6,2019-07-01,260,Men's Clothing,PH,2019-01-01 2020-02-02,web,992
539,7,2019-08-01,268,Men's Clothing,PH,2019-01-01 2020-02-02,web,992
540,8,2019-09-01,324,Men's Clothing,PH,2019-01-01 2020-02-02,web,992
541,9,2019-10-01,251,Men's Clothing,PH,2019-01-01 2020-02-02,web,992
542,10,2019-11-01,288,Men's Clothing,PH,2019-01-01 2020-02-02,web,992
543,11,2019-12-01,416,Men's Clothing,PH,2019-01-01 2020-02-02,web,992
544,12,2020-01-01,285,Men's Clothing,PH,2019-01-01 2020-02-02,web,992
545,13,2020-02-01,75,Men's Clothing,PH,2019-01-01 2020-02-02,web,992
546,0,2019-01-01,266,Non-Alcoholic Beverages,PH,2019-01-01 2020-02-02,web,560
547,1,2019-02-01,269,Non-Alcoholic Beverages,PH,2019-01-01 2020-02-02,web,560
548,2,2019-03-01,346,Non-Alcoholic Beverages,PH,2019-01-01 2020-02-02,web,560
549,3,2019-04-01,259,Non-Alcoholic Beverages,PH,2019-01-01 2020-02-02,web,560
550,4,2019-05-01,270,Non-Alcoholic Beverages,PH,2019-01-01 2020-02-02,web,560
551,5,2019-06-01,359,Non-Alcoholic Beverages,PH,2019-01-01 2020-02-02,web,560
552,6,2019-07-01,314,Non-Alcoholic Beverages,PH,2019-01-01 2020-02-02,web,560
553,7,2019-08-01,291,Non-Alcoholic Beverages,PH,2019-01-01 2020-02-02,web,560
554,8,2019-09-01,376,Non-Alcoholic Beverages,PH,2019-01-01 2020-02-02,web,560
555,9,2019-10-01,285,Non-Alcoholic Beverages,PH,2019-01-01 2020-02-02,web,560
556,10,2019-11-01,335,Non-Alcoholic Beverages,PH,2019-01-01 2020-02-02,web,560
557,11,2019-12-01,381,Non-Alcoholic Beverages,PH,2019-01-01 2020-02-02,web,560
558,12,2020-01-01,292,Non-Alcoholic Beverages,PH,2019-01-01 2020-02-02,web,560
559,13,2020-02-01,72,Non-Alcoholic Beverages,PH,2019-01-01 2020-02-02,web,560
560,0,2019-01-01,289,Pet Food & Supplies,PH,2019-01-01 2020-02-02,web,379
561,1,2019-02-01,320,Pet Food & Supplies,PH,2019-01-01 2020-02-02,web,379
562,2,2019-03-01,402,Pet Food & Supplies,PH,2019-01-01 2020-02-02,web,379
563,3,2019-04-01,296,Pet Food & Supplies,PH,2019-01-01 2020-02-02,web,379
564,4,2019-05-01,294,Pet Food & Supplies,PH,2019-01-01 2020-02-02,web,379
565,5,2019-06-01,431,Pet Food & Supplies,PH,2019-01-01 2020-02-02,web,379
566,6,2019-07-01,367,Pet Food & Supplies,PH,2019-01-01 2020-02-02,web,379
567,7,2019-08-01,353,Pet Food & Supplies,PH,2019-01-01 2020-02-02,web,379
568,8,2019-09-01,383,Pet Food & Supplies,PH,2019-01-01 2020-02-02,web,379
569,9,2019-10-01,303,Pet Food & Supplies,PH,2019-01-01 2020-02-02,web,379
570,10,2019-11-01,320,Pet Food & Supplies,PH,2019-01-01 2020-02-02,web,379
571,11,2019-12-01,416,Pet Food & Supplies,PH,2019-01-01 2020-02-02,web,379
572,12,2020-01-01,331,Pet Food & Supplies,PH,2019-01-01 2020-02-02,web,379
573,13,2020-02-01,89,Pet Food & Supplies,PH,2019-01-01 2020-02-02,web,379
574,0,2019-01-01,306,Shopping,PH,2019-01-01 2020-02-02,web,18
575,1,2019-02-01,320,Shopping,PH,2019-01-01 2020-02-02,web,18
576,2,2019-03-01,386,Shopping,PH,2019-01-01 2020-02-02,web,18
577,3,2019-04-01,285,Shopping,PH,2019-01-01 2020-02-02,web,18
578,4,2019-05-01,312,Shopping,PH,2019-01-01 2020-02-02,web,18
579,5,2019-06-01,407,Shopping,PH,2019-01-01 2020-02-02,web,18
580,6,2019-07-01,344,Shopping,PH,2019-01-01 2020-02-02,web,18
581,7,2019-08-01,331,Shopping,PH,2019-01-01 2020-02-02,web,18
582,8,2019-09-01,420,Shopping,PH,2019-01-01 2020-02-02,web,18
583,9,2019-10-01,333,Shopping,PH,2019-01-01 2020-02-02,web,18
584,10,2019-11-01,353,Shopping,PH,2019-01-01 2020-02-02,web,18
585,11,2019-12-01,470,Shopping,PH,2019-01-01 2020-02-02,web,18
586,12,2020-01-01,327,Shopping,PH,2019-01-01 2020-02-02,web,18
587,13,2020-02-01,81,Shopping,PH,2019-01-01 2020-02-02,web,18
588,0,2019-01-01,273,Small Kitchen Appliances,PH,2019-01-01 2020-02-02,web,1292
589,1,2019-02-01,263,Small Kitchen Appliances,PH,2019-01-01 2020-02-02,web,1292
590,2,2019-03-01,334,Small Kitchen Appliances,PH,2019-01-01 2020-02-02,web,1292
591,3,2019-04-01,255,Small Kitchen Appliances,PH,2019-01-01 2020-02-02,web,1292
592,4,2019-05-01,255,Small Kitchen Appliances,PH,2019-01-01 2020-02-02,web,1292
593,5,2019-06-01,401,Small Kitchen Appliances,PH,2019-01-01 2020-02-02,web,1292
594,6,2019-07-01,311,Small Kitchen Appliances,PH,2019-01-01 2020-02-02,web,1292
595,7,2019-08-01,284,Small Kitchen Appliances,PH,2019-01-01 2020-02-02,web,1292
596,8,2019-09-01,374,Small Kitchen Appliances,PH,2019-01-01 2020-02-02,web,1292
597,9,2019-10-01,287,Small Kitchen Appliances,PH,2019-01-01 2020-02-02,web,1292
598,10,2019-11-01,305,Small Kitchen Appliances,PH,2019-01-01 2020-02-02,web,1292
599,11,2019-12-01,435,Small Kitchen Appliances,PH,2019-01-01 2020-02-02,web,1292
600,12,2020-01-01,312,Small Kitchen Appliances,PH,2019-01-01 2020-02-02,web,1292
601,13,2020-02-01,74,Small Kitchen Appliances,PH,2019-01-01 2020-02-02,web,1292
602,0,2019-01-01,239,Spas & Beauty Services,PH,2019-01-01 2020-02-02,web,145
603,1,2019-02-01,262,Spas & Beauty Services,PH,2019-01-01 2020-02-02,web,145
604,2,2019-03-01,312,Spas & Beauty Services,PH,2019-01-01 2020-02-02,web,145
605,3,2019-04-01,256,Spas & Beauty Services,PH,2019-01-01 2020-02-02,web,145
606,4,2019-05-01,275,Spas & Beauty Services,PH,2019-01-01 2020-02-02,web,145
607,5,2019-06-01,336,Spas & Beauty Services,PH,2019-01-01 2020-02-02,web,145
608,6,2019-07-01,325,Spas & Beauty Services,PH,2019-01-01 2020-02-02,web,145
609,7,2019-08-01,288,Spas & Beauty Services,PH,2019-01-01 2020-02-02,web,145
610,8,2019-09-01,332,Spas & Beauty Services,PH,2019-01-01 2020-02-02,web,145
611,9,2019-10-01,251,Spas & Beauty Services,PH,2019-01-01 2020-02-02,web,145
612,10,2019-11-01,263,Spas & Beauty Services,PH,2019-01-01 2020-02-02,web,145
613,11,2019-12-01,331,Spas & Beauty Services,PH,2019-01-01 2020-02-02,web,145
614,12,2020-01-01,255,Spas & Beauty Services,PH,2019-01-01 2020-02-02,web,145
615,13,2020-02-01,61,Spas & Beauty Services,PH,2019-01-01 2020-02-02,web,145
616,0,2019-01-01,210,Video Game Retailers,PH,2019-01-01 2020-02-02,web,1146
617,1,2019-02-01,251,Video Game Retailers,PH,2019-01-01 2020-02-02,web,1146
618,2,2019-03-01,243,Video Game Retailers,PH,2019-01-01 2020-02-02,web,1146
619,3,2019-04-01,274,Video Game Retailers,PH,2019-01-01 2020-02-02,web,1146
620,4,2019-05-01,264,Video Game Retailers,PH,2019-01-01 2020-02-02,web,1146
621,5,2019-06-01,274,Video Game Retailers,PH,2019-01-01 2020-02-02,web,1146
622,6,2019-07-01,270,Video Game Retailers,PH,2019-01-01 2020-02-02,web,1146
623,7,2019-08-01,304,Video Game Retailers,PH,2019-01-01 2020-02-02,web,1146
624,8,2019-09-01,313,Video Game Retailers,PH,2019-01-01 2020-02-02,web,1146
625,9,2019-10-01,275,Video Game Retailers,PH,2019-01-01 2020-02-02,web,1146
626,10,2019-11-01,334,Video Game Retailers,PH,2019-01-01 2020-02-02,web,1146
627,11,2019-12-01,343,Video Game Retailers,PH,2019-01-01 2020-02-02,web,1146
628,12,2020-01-01,274,Video Game Retailers,PH,2019-01-01 2020-02-02,web,1146
629,13,2020-02-01,60,Video Game Retailers,PH,2019-01-01 2020-02-02,web,1146
630,0,2019-01-01,237,Women's Clothing,PH,2019-01-01 2020-02-02,web,997
631,1,2019-02-01,276,Women's Clothing,PH,2019-01-01 2020-02-02,web,997
632,2,2019-03-01,360,Women's Clothing,PH,2019-01-01 2020-02-02,web,997
633,3,2019-04-01,215,Women's Clothing,PH,2019-01-01 2020-02-02,web,997
634,4,2019-05-01,220,Women's Clothing,PH,2019-01-01 2020-02-02,web,997
635,5,2019-06-01,279,Women's Clothing,PH,2019-01-01 2020-02-02,web,997
636,6,2019-07-01,254,Women's Clothing,PH,2019-01-01 2020-02-02,web,997
637,7,2019-08-01,238,Women's Clothing,PH,2019-01-01 2020-02-02,web,997
638,8,2019-09-01,325,Women's Clothing,PH,2019-01-01 2020-02-02,web,997
639,9,2019-10-01,262,Women's Clothing,PH,2019-01-01 2020-02-02,web,997
640,10,2019-11-01,315,Women's Clothing,PH,2019-01-01 2020-02-02,web,997
641,11,2019-12-01,382,Women's Clothing,PH,2019-01-01 2020-02-02,web,997
642,12,2020-01-01,255,Women's Clothing,PH,2019-01-01 2020-02-02,web,997
643,13,2020-02-01,67,Women's Clothing,PH,2019-01-01 2020-02-02,web,997
